날짜,지점,평균기온(℃),최저기온(℃),최고기온(℃)
2020-07-23,159,21.8,21.2,23
2020-07-23,162,22.9,21.6,26.4
2020-07-23,165,23.3,21.4,25.5
2020-07-23,133,21.7,20.8,22.9
2020-07-23,135,20.5,20,21.7
2020-07-23,136,20.3,19.1,21.6
2020-07-23,137,20.5,19.8,21.7
2020-07-23,138,21.5,21,22.1
2020-07-23,140,22.2,20.9,24.7
2020-07-23,143,21.7,21,22.5
2020-07-23,115,21.5,20.4,24.3
2020-07-23,119,21.6,19.7,23.1
2020-07-23,121,20.4,18,22.5
2020-07-23,127,21.1,19.3,22.1
2020-07-23,129,21,20.3,22.1
2020-07-23,130,20.6,19.3,22.3
2020-07-23,131,22.8,21.2,23.8
2020-07-23,102,19.7,18.7,20.9
2020-07-23,104,20.4,18.7,22.7
2020-07-23,105,21.6,19.8,24.1
2020-07-23,106,19.7,18.1,21.6
2020-07-23,108,21.1,18.5,22.6
2020-07-23,112,20.9,18.7,22.4
2020-07-23,114,21.3,19,23.6
2020-07-23,90,21.1,19.2,22.7
2020-07-23,93,21.6,19.3,24.7
2020-07-23,95,20.9,18.2,23.8
2020-07-23,98,20.6,17.3,23.5
2020-07-23,99,20.5,18.2,22.7
2020-07-23,100,16.7,14.5,19.1
2020-07-23,101,21.8,19,24.5
2020-07-23,289,21.8,20.7,22.6
2020-07-23,294,22.1,21,25.3
2020-07-23,295,22.8,21.5,25.8
2020-07-23,278,21.3,20.6,22.4
2020-07-23,279,21.6,20.8,22.8
2020-07-23,281,21,20.3,21.5
2020-07-23,283,21.5,20.8,22.5
2020-07-23,284,21.3,20.4,22.2
2020-07-23,285,22,21.1,23.1
2020-07-23,288,22.6,21.6,23.9
2020-07-23,266,22.4,21.5,23.8
2020-07-23,268,23.8,21.4,26.2
2020-07-23,271,19.8,18.3,20.9
2020-07-23,272,19.8,18,21.1
2020-07-23,273,20.1,18.9,21.5
2020-07-23,276,20.1,19.1,21.9
2020-07-23,277,19.9,18.9,21.3
2020-07-23,258,23.3,22.3,25.9
2020-07-23,259,23.7,22.1,26.2
2020-07-23,260,23.1,21.7,25.4
2020-07-23,261,23.1,21,26.1
2020-07-23,262,22.7,21.4,25.7
2020-07-23,263,22.8,21.9,24.2
2020-07-23,264,21.7,20.7,22.7
2020-07-23,248,20.9,19.8,23.1
2020-07-23,251,22.8,20.7,25.5
2020-07-23,252,22.7,21.1,25.5
2020-07-23,253,22.3,21.7,23.3
2020-07-23,254,22.4,21.2,24.7
2020-07-23,255,24.7,23.6,26.3
2020-07-23,257,22.5,21.7,23.3
2020-07-23,235,22.6,20.8,24.7
2020-07-23,236,21.7,20.7,23.1
2020-07-23,238,21.4,20.4,22.7
2020-07-23,239,21.5,20.6,22.7
2020-07-23,243,22.8,20.9,26
2020-07-23,244,21.2,20.5,22.3
2020-07-23,245,22.8,20.5,25.8
2020-07-23,247,22.5,21.4,24.1
2020-07-23,211,20.7,17.9,25.3
2020-07-23,212,20.7,17.6,23.2
2020-07-23,216,17.8,15.3,19.4
2020-07-23,217,20.3,18.1,22.9
2020-07-23,221,20.1,17.8,22
2020-07-23,226,21,20.2,22.1
2020-07-23,232,21.3,20.2,22.5
2020-07-23,185,24.7,23,25.9
2020-07-23,188,24.6,23,26.7
2020-07-23,189,24.5,22.4,25.7
2020-07-23,192,22.5,21.7,23.7
2020-07-23,201,20.6,18.5,22.4
2020-07-23,202,21.2,19.1,23
2020-07-23,203,20.7,18.3,22.4
2020-07-23,168,22.6,21.5,25.1
2020-07-23,169,21.5,19.2,23.4
2020-07-23,170,23.3,21.8,26.9
2020-07-23,172,22.7,21.1,25.6
2020-07-23,174,22.3,21.3,24.5
2020-07-23,177,21.3,20.6,22.4
2020-07-23,184,26.5,23.6,30.5
2020-07-23,146,22.4,20.8,24.9
2020-07-23,152,21.5,20.8,22.7
2020-07-23,155,22.3,21.5,24.7
2020-07-23,156,22.8,21.5,25
2020-07-24,159,21.6,20.1,24.1
2020-07-24,162,21.6,20.1,23.2
2020-07-24,165,20.6,19.8,21.4
2020-07-24,133,21.6,20.1,24.2
2020-07-24,135,20,19,21.7
2020-07-24,136,21.1,19.2,24
2020-07-24,137,20.2,19,22.8
2020-07-24,138,23.1,21,26.4
2020-07-24,140,21.7,20.7,23.9
2020-07-24,143,21.3,20.2,23
2020-07-24,115,20.4,18,21.8
2020-07-24,119,23.3,20.3,27.2
2020-07-24,121,20.7,18.1,23.6
2020-07-24,127,21.8,19.2,24.2
2020-07-24,129,21.7,18.8,24.3
2020-07-24,130,20.7,18.9,22.6
2020-07-24,131,22.3,19.8,25.7
2020-07-24,102,20.5,18.2,22.9
2020-07-24,104,19.6,17.7,20.8
2020-07-24,105,20.5,18.3,22
2020-07-24,106,19.6,17.1,21.1
2020-07-24,108,22.5,18.7,26.8
2020-07-24,112,22.4,18.9,25.9
2020-07-24,114,21.8,18.5,25.3
2020-07-24,90,19.8,18.3,20.8
2020-07-24,93,22.8,18.4,25.8
2020-07-24,95,21.6,18.2,25.9
2020-07-24,98,21.9,17.3,25.5
2020-07-24,99,21.6,18.2,26.5
2020-07-24,100,16.7,14.1,18.1
2020-07-24,101,22.2,18.7,24.7
2020-07-24,289,20.3,19.5,22.4
2020-07-24,294,21.2,20,23.2
2020-07-24,295,21.4,20.1,23.7
2020-07-24,278,21.4,19.8,24.7
2020-07-24,279,21.1,19.9,23.3
2020-07-24,281,21.2,20,23.6
2020-07-24,283,22.3,20.2,25.6
2020-07-24,284,20.6,19.5,21.8
2020-07-24,285,21,19.9,22.1
2020-07-24,288,21.5,19.9,23.2
2020-07-24,266,20.8,19.8,22.8
2020-07-24,268,20.7,19.7,22
2020-07-24,271,20,18.3,22.7
2020-07-24,272,19.6,17.8,22.4
2020-07-24,273,20.1,18.7,22.1
2020-07-24,276,20.2,18.8,23.4
2020-07-24,277,21.1,19,24.1
2020-07-24,258,21.8,20.7,23
2020-07-24,259,21.1,20.2,22.5
2020-07-24,260,20.9,20,22.2
2020-07-24,261,20.2,19.4,21.3
2020-07-24,262,21,19.9,22.3
2020-07-24,263,21.7,20.4,24.4
2020-07-24,264,21,19.8,22.4
2020-07-24,248,19.8,18.9,20.7
2020-07-24,251,21.3,20.2,23.7
2020-07-24,252,21.1,19.7,23.6
2020-07-24,253,21.4,20.1,23.3
2020-07-24,254,20.9,19.9,23.1
2020-07-24,255,23.2,22.1,25.3
2020-07-24,257,22.3,20.6,25.5
2020-07-24,236,21.4,20,24.4
2020-07-24,238,21.3,19.7,23.4
2020-07-24,239,21.2,19.4,23.5
2020-07-24,243,21.6,20.3,23.1
2020-07-24,244,20.2,19.3,21.5
2020-07-24,245,21.5,20.1,23.3
2020-07-24,247,20.9,19.9,23.7
2020-07-24,211,20.4,18.1,23
2020-07-24,212,21.5,17.6,26.2
2020-07-24,216,17.4,15.4,19.7
2020-07-24,217,20.6,18.6,24
2020-07-24,221,20.9,17.7,22.5
2020-07-24,226,20.8,19.1,23
2020-07-24,232,21.4,19.1,24.3
2020-07-24,235,21.9,20.6,24.6
2020-07-24,185,21.9,20.8,24.1
2020-07-24,188,23.7,21.3,26.8
2020-07-24,189,21.5,20.1,23.6
2020-07-24,192,21.1,20,22.7
2020-07-24,201,22.1,18.5,26.9
2020-07-24,202,23,19.4,26.3
2020-07-24,203,21.4,18.2,26.1
2020-07-24,168,20.9,20.3,22.5
2020-07-24,169,20.5,19.8,22
2020-07-24,170,20.9,20,22.3
2020-07-24,172,21.2,19.9,23.3
2020-07-24,174,20.5,20,22.4
2020-07-24,177,21.5,19.3,24.2
2020-07-24,184,23,21.3,25.1
2020-07-24,146,21.7,20.7,23.7
2020-07-24,152,22.5,20.5,25.7
2020-07-24,155,21.1,20.1,23.7
2020-07-24,156,20.9,19.8,22.7
2020-07-25,159,21.3,20,23.7
2020-07-25,162,21.5,20.4,23.1
2020-07-25,165,22.2,20.4,25.5
2020-07-25,133,22.7,20.9,25.3
2020-07-25,135,21,19.2,23.8
2020-07-25,136,21.6,19.6,24.6
2020-07-25,137,21.9,19.8,24.7
2020-07-25,138,22.2,21.1,24.6
2020-07-25,140,23.2,21,27.3
2020-07-25,143,21.9,20.1,24.8
2020-07-25,115,20.7,20.1,21.5
2020-07-25,119,25.2,22.4,29.4
2020-07-25,121,22.2,19.6,25.6
2020-07-25,127,22.5,20,26.5
2020-07-25,129,24.5,21.1,29.6
2020-07-25,130,21.1,20,22.5
2020-07-25,131,23.1,20.7,26.6
2020-07-25,102,22.9,20.4,26.1
2020-07-25,104,20,19.5,20.6
2020-07-25,105,20.9,20.2,21.4
2020-07-25,106,19.9,19.6,20.3
2020-07-25,108,24.3,22.3,29
2020-07-25,112,24.4,22,28.4
2020-07-25,114,23,20.3,26.8
2020-07-25,90,19.9,19.4,20.7
2020-07-25,93,24,20.3,27.4
2020-07-25,95,22.7,20.6,26.5
2020-07-25,98,23.7,21.2,27.7
2020-07-25,99,23.4,21,27.3
2020-07-25,100,17.7,17.2,19.2
2020-07-25,101,24,21.6,27.3
2020-07-25,289,21.9,19.5,25.7
2020-07-25,294,21.7,20.1,24.1
2020-07-25,295,22.4,20.1,25.5
2020-07-25,278,21.8,20.2,24.3
2020-07-25,279,22.2,20.2,25.7
2020-07-25,281,21.6,19.7,24.5
2020-07-25,283,22.3,20.4,26.1
2020-07-25,284,21.4,19.4,26.5
2020-07-25,285,22.1,19.9,26.6
2020-07-25,288,22.3,19.8,27
2020-07-25,266,22.2,20,26.7
2020-07-25,268,21.5,19.1,25.2
2020-07-25,271,20.5,18.4,23.7
2020-07-25,272,21.6,19.1,25.1
2020-07-25,273,21.5,19.5,25.3
2020-07-25,276,21,19.2,24.1
2020-07-25,277,20.9,19.6,23.4
2020-07-25,258,22.8,21.1,26.1
2020-07-25,259,21.8,19.9,25.4
2020-07-25,260,21.3,19.8,24.6
2020-07-25,261,21.4,18.5,25.2
2020-07-25,262,21.7,19.4,24.3
2020-07-25,263,22.7,20.4,26.9
2020-07-25,264,22,19.6,27.2
2020-07-25,248,21.2,18.7,24.1
2020-07-25,251,22,20.3,25.9
2020-07-25,252,22.5,20.8,25.7
2020-07-25,253,21.6,20.1,24.8
2020-07-25,254,22.3,20.4,25.2
2020-07-25,255,23.9,22.1,26.2
2020-07-25,257,22.5,20.7,26.4
2020-07-25,236,23.5,20.7,27.2
2020-07-25,238,22,20.2,24.7
2020-07-25,239,22.5,20.6,26.2
2020-07-25,243,23,20.9,26.5
2020-07-25,244,21.8,19.5,25.8
2020-07-25,245,21.9,20.6,24.9
2020-07-25,247,22.3,19.8,26.1
2020-07-25,212,22.1,19.2,26
2020-07-25,216,18.5,17.3,19.9
2020-07-25,217,21.6,19,25.3
2020-07-25,221,22.5,19.5,26.5
2020-07-25,226,21.5,19.6,25.1
2020-07-25,232,22.5,20,26.9
2020-07-25,235,23.7,20.3,28.4
2020-07-25,185,22.7,20.8,27.1
2020-07-25,188,23.4,20.4,28.7
2020-07-25,189,21.5,20,25.1
2020-07-25,192,21.6,19.8,24.5
2020-07-25,201,24.3,22.2,28.5
2020-07-25,202,24.3,21.5,27.2
2020-07-25,203,23.6,20.3,28.3
2020-07-25,211,21,19.3,24.1
2020-07-25,168,21.6,20.7,23.4
2020-07-25,169,21.2,19,24.7
2020-07-25,170,22.7,19.8,25.9
2020-07-25,172,21.9,20.6,25.2
2020-07-25,174,22.4,20.2,25.7
2020-07-25,177,23.8,20.3,28.3
2020-07-25,184,23.7,21.2,26.6
2020-07-25,146,23.2,20.7,26.9
2020-07-25,152,22,20.5,25.5
2020-07-25,155,21.7,19.9,24.2
2020-07-25,156,22,20.2,24.3
2020-07-26,159,23.9,20.2,27.1
2020-07-26,162,23.4,20.4,27
2020-07-26,165,22.8,19.8,26.3
2020-07-26,133,24,22,27.4
2020-07-26,135,21.8,20.2,25.8
2020-07-26,136,22.3,20.4,27.3
2020-07-26,137,22.7,20.8,27.2
2020-07-26,138,22.7,21.3,25
2020-07-26,140,23,21.4,26.1
2020-07-26,143,25,21.3,30.2
2020-07-26,115,21.4,20.8,22.8
2020-07-26,119,25,22.5,29.2
2020-07-26,121,23.4,19.4,28.2
2020-07-26,127,22.7,20.3,27.8
2020-07-26,129,23.5,20.7,26.5
2020-07-26,130,20.6,19.5,24.1
2020-07-26,131,24.3,21.2,28.2
2020-07-26,102,22.2,19.1,26.3
2020-07-26,104,20.4,18.7,23.5
2020-07-26,105,21.2,19.6,24.4
2020-07-26,106,20.1,18.7,22.1
2020-07-26,108,25.4,21.6,29.6
2020-07-26,112,24.2,21.5,27.9
2020-07-26,114,24.3,20.5,29.1
2020-07-26,90,20.5,18.9,23.2
2020-07-26,93,24,19.5,29.6
2020-07-26,95,22.8,19.8,27
2020-07-26,98,24,20.9,27.7
2020-07-26,99,23.4,19.2,28.4
2020-07-26,100,18.5,16.2,23.5
2020-07-26,101,24.3,20.4,29.5
2020-07-26,289,23.6,20.7,28.4
2020-07-26,294,23.6,20.5,27.9
2020-07-26,295,23.2,19.4,28.2
2020-07-26,278,23.4,20.9,29.4
2020-07-26,279,23.5,21.3,28.5
2020-07-26,281,23.6,20.6,29.4
2020-07-26,283,24,20.7,30.3
2020-07-26,284,22.5,20.2,27.5
2020-07-26,285,24.3,21,29.5
2020-07-26,288,25.1,21.4,30
2020-07-26,266,23.8,19.8,29.2
2020-07-26,268,21.3,18,27.4
2020-07-26,271,20.8,19,23.1
2020-07-26,272,21.7,20.3,24.3
2020-07-26,273,22,20.4,25.7
2020-07-26,276,21.9,19.5,27.8
2020-07-26,277,21,19.8,24.6
2020-07-26,258,23.6,20.4,27.7
2020-07-26,259,22.8,19.2,28.1
2020-07-26,260,22.1,18.5,27.7
2020-07-26,261,22.3,17.2,27.7
2020-07-26,262,22.3,17.9,28
2020-07-26,263,24.6,21.4,30.7
2020-07-26,264,23.1,20.5,28
2020-07-26,248,22.3,20,26.6
2020-07-26,251,23,20.6,27.6
2020-07-26,252,22.7,20.4,27.4
2020-07-26,253,24,19.8,29
2020-07-26,254,23.3,20.3,28.2
2020-07-26,255,26.1,22,30.9
2020-07-26,257,24.8,20,29.9
2020-07-26,236,23.2,21.2,26.4
2020-07-26,238,23,21.1,26.9
2020-07-26,239,23.6,21.2,28.1
2020-07-26,243,23,21.2,26.8
2020-07-26,244,22.7,19.9,27.7
2020-07-26,245,22.9,20.6,27.9
2020-07-26,247,23.8,21,29.4
2020-07-26,212,23.5,19,29.5
2020-07-26,216,19,17.6,22.2
2020-07-26,217,22.3,17.8,28.3
2020-07-26,221,22.9,19.3,26.8
2020-07-26,226,22.5,20.6,25.3
2020-07-26,232,23.1,20.1,26.7
2020-07-26,235,22.3,21,24.7
2020-07-26,188,23.2,18.2,28.3
2020-07-26,189,23.5,19.2,26.5
2020-07-26,192,23.7,20.2,28.8
2020-07-26,201,23.7,21.1,28.7
2020-07-26,202,24.9,20.9,30
2020-07-26,203,24.3,20.8,29.2
2020-07-26,211,22.5,19.4,28.6
2020-07-26,168,22.9,20.1,26.2
2020-07-26,169,20.4,17.8,24.9
2020-07-26,170,22.3,18.5,27.7
2020-07-26,172,22.8,20.5,28
2020-07-26,174,22.8,19.5,28.3
2020-07-26,177,23.3,21.1,25.4
2020-07-26,184,23.4,20.7,25.5
2020-07-26,185,23,19.5,26.2
2020-07-26,146,23.6,21.6,28.8
2020-07-26,152,24.1,20.2,28.3
2020-07-26,155,23.8,20.3,27.9
2020-07-26,156,23.3,19.6,28.4
2020-07-27,289,21.8,19.6,24.7
2020-07-27,294,22.4,21.5,23.8
2020-07-27,295,21.9,20.2,23.3
2020-07-27,278,22.7,20.3,26.2
2020-07-27,279,22.9,21.2,25.4
2020-07-27,281,21.7,20.6,24
2020-07-27,283,21.7,20.9,24.1
2020-07-27,284,22,19.8,25.2
2020-07-27,285,22.3,20.2,25.1
2020-07-27,288,22.9,21.3,27
2020-07-27,266,22.4,20.6,25.6
2020-07-27,268,22.7,19.5,26.1
2020-07-27,271,20.8,18.5,24.1
2020-07-27,272,22,20.2,24.9
2020-07-27,273,22.5,20.9,25.2
2020-07-27,276,21.2,19,25.6
2020-07-27,277,20.6,19.7,23
2020-07-27,258,23.2,21.3,26.4
2020-07-27,259,22.6,20.1,26.1
2020-07-27,260,22.4,19.7,25.8
2020-07-27,261,22.9,19.9,26.6
2020-07-27,262,22.3,19.7,25.4
2020-07-27,263,23,20.8,26
2020-07-27,264,22.4,19.9,25.6
2020-07-27,248,21.6,19,25.1
2020-07-27,251,23.2,20.6,26.9
2020-07-27,252,22.7,20.7,27
2020-07-27,253,23.3,21.9,26.5
2020-07-27,254,23,20.5,27.2
2020-07-27,255,24.8,23.4,28
2020-07-27,257,23.6,22,27
2020-07-27,236,23.4,20.8,27.2
2020-07-27,238,23.4,21.3,26.8
2020-07-27,239,23.7,21.6,27.3
2020-07-27,243,23.5,21.2,26.2
2020-07-27,244,22,20,25.2
2020-07-27,245,23,20.6,26.3
2020-07-27,247,23.1,20.6,26.4
2020-07-27,212,22.6,20.5,25
2020-07-27,216,18.6,17.8,21.7
2020-07-27,217,21.7,19.5,26.5
2020-07-27,221,22.7,20.3,26
2020-07-27,226,22.8,20.6,25.9
2020-07-27,232,23.6,21.4,26.7
2020-07-27,235,23.5,21.2,26.7
2020-07-27,188,24.3,23,25.8
2020-07-27,189,24.1,22.9,25.1
2020-07-27,192,22,19.7,25.2
2020-07-27,201,22.8,21,24.4
2020-07-27,202,24,21.9,26.3
2020-07-27,203,24.3,22,26.7
2020-07-27,211,21.2,20.1,22.9
2020-07-27,169,20.4,18.5,23
2020-07-27,170,22.3,20,24.9
2020-07-27,172,23.1,20.8,27.2
2020-07-27,174,21.7,19,25.7
2020-07-27,177,24.1,21.6,26.5
2020-07-27,184,24.8,22.6,27.9
2020-07-27,185,23.8,21.8,25.9
2020-07-27,146,23.9,21.5,28
2020-07-27,152,22.6,21.3,25
2020-07-27,155,23.1,22,25.6
2020-07-27,156,23.2,20.9,27.2
2020-07-27,159,22.6,21.5,24.7
2020-07-27,162,23.5,22.1,26.3
2020-07-27,165,23,21.3,25.9
2020-07-27,168,22.7,22,23.9
2020-07-27,133,24.4,22.3,27.2
2020-07-27,135,21.9,19.6,24.5
2020-07-27,136,22.1,19.8,24.8
2020-07-27,137,22.7,21.1,25.6
2020-07-27,138,21.8,21,23.1
2020-07-27,140,23.4,21.2,26.9
2020-07-27,143,22.6,21.3,24.6
2020-07-27,115,22.1,20.8,24.7
2020-07-27,119,24.6,22.6,27.1
2020-07-27,121,22.5,20.2,26.4
2020-07-27,127,23.4,21.1,27.2
2020-07-27,129,23.8,21.3,27
2020-07-27,130,20.6,19.8,23.7
2020-07-27,131,24.9,22.6,28.1
2020-07-27,102,21,19.3,23
2020-07-27,104,19.9,19.4,21.3
2020-07-27,105,20.8,20.3,21.9
2020-07-27,106,19.7,19.1,21.1
2020-07-27,108,24.3,22.9,25.5
2020-07-27,112,23.4,22.4,24.4
2020-07-27,114,24.6,22.1,27.5
2020-07-27,90,20.3,19.7,21.4
2020-07-27,93,22.3,21.2,23.8
2020-07-27,95,21.8,19.6,24.1
2020-07-27,98,22.5,20.6,25.1
2020-07-27,99,22.4,20.2,24.7
2020-07-27,100,17.9,17,19.2
2020-07-27,101,22.7,21.8,24.1
2020-07-28,165,25.2,22.5,27.9
2020-07-28,168,24.3,22.9,26.8
2020-07-28,133,24,21.7,26.9
2020-07-28,135,21.6,20.5,22.5
2020-07-28,136,22.1,20.7,24.2
2020-07-28,137,22,20.8,23
2020-07-28,138,21.6,21,22.6
2020-07-28,140,24.4,21.6,26.4
2020-07-28,143,22.3,21.3,24.2
2020-07-28,146,25.1,22.1,29
2020-07-28,115,21.9,21,23.3
2020-07-28,119,24.2,22.8,25.7
2020-07-28,121,22.5,20.2,26.3
2020-07-28,127,23.3,20.8,27
2020-07-28,129,24.1,22.3,26.7
2020-07-28,130,20.7,20,22.8
2020-07-28,131,24.7,21.9,27.4
2020-07-28,102,22.5,19.5,25.9
2020-07-28,104,20.4,19.5,21.8
2020-07-28,105,21.3,20.3,22.3
2020-07-28,106,19.8,19.3,21
2020-07-28,108,24.4,22.7,26.4
2020-07-28,112,24.3,22.9,25.7
2020-07-28,114,23.8,22.2,26.6
2020-07-28,90,21.3,20,23.8
2020-07-28,93,23.3,20,27.1
2020-07-28,95,23.7,20.1,27.7
2020-07-28,98,23.9,21.1,27.4
2020-07-28,99,24.2,21,27.8
2020-07-28,100,17.9,16.8,20.2
2020-07-28,101,23.8,21.1,27
2020-07-28,294,23.3,21.9,26.6
2020-07-28,295,25.2,22.1,29.4
2020-07-28,278,22.9,21.3,25.4
2020-07-28,279,22.7,21.4,24.5
2020-07-28,281,21.4,20.6,23
2020-07-28,283,21.6,20.8,23
2020-07-28,284,23,21.1,26.8
2020-07-28,285,23.1,21.3,25.3
2020-07-28,288,23.1,21.6,25
2020-07-28,289,24.2,21.4,28.2
2020-07-28,266,25.3,22.2,28.4
2020-07-28,268,25,22.1,27.8
2020-07-28,271,21,19.3,23.1
2020-07-28,272,21.5,20,23.4
2020-07-28,273,21.8,20.6,23.2
2020-07-28,276,21.5,20.1,24.8
2020-07-28,277,20.8,20,23.7
2020-07-28,258,26,23.2,28.5
2020-07-28,259,25.6,22.7,29
2020-07-28,260,25.2,23.2,27.7
2020-07-28,261,25.5,23.2,29.2
2020-07-28,262,25.7,23.2,28.4
2020-07-28,263,23.9,22.6,27.2
2020-07-28,264,24,21.6,29.1
2020-07-28,248,23.7,20.8,28
2020-07-28,251,25.3,21.7,28.7
2020-07-28,252,24.9,21.2,28.2
2020-07-28,253,23.3,21.8,25.4
2020-07-28,254,24.2,22.2,29.1
2020-07-28,255,25.4,24.1,28.3
2020-07-28,257,22.8,21.8,23.9
2020-07-28,236,24.3,21.8,26.8
2020-07-28,238,23.3,21.4,27.4
2020-07-28,239,23.9,21.4,26.6
2020-07-28,243,24.6,21.7,27.2
2020-07-28,244,23.7,21.4,27.4
2020-07-28,245,24.7,21.5,28.5
2020-07-28,247,24.6,22.4,30.5
2020-07-28,212,22.9,20.6,26.3
2020-07-28,216,18.9,17.6,20.8
2020-07-28,217,21.5,19.5,25
2020-07-28,221,22.4,20.1,25.5
2020-07-28,226,22.3,20.4,25.2
2020-07-28,232,23.5,21.6,25.9
2020-07-28,235,24.2,22,27
2020-07-28,188,26.4,23.8,29.3
2020-07-28,189,25.5,24.1,27.2
2020-07-28,192,24.4,22,28.9
2020-07-28,201,24.2,20.9,27.1
2020-07-28,202,23.4,21.6,25.2
2020-07-28,203,23.6,21.7,26.3
2020-07-28,211,22.6,19.7,27
2020-07-28,169,21.8,20.1,23.5
2020-07-28,170,25.4,24.1,27.7
2020-07-28,172,25.1,21.4,28.6
2020-07-28,174,25.3,21.8,29.2
2020-07-28,177,23.8,22,26.7
2020-07-28,184,28.7,25.1,33.8
2020-07-28,185,25.7,24.2,27.8
2020-07-28,152,21.9,21,23.9
2020-07-28,155,23.1,22.2,24.8
2020-07-28,156,25,22.5,29
2020-07-28,159,21.9,21.5,22.8
2020-07-28,162,23.7,22.8,25.3
2020-07-29,165,26.5,24.7,29.1
2020-07-29,168,24.9,23.4,28.1
2020-07-29,135,22.3,21.6,23.6
2020-07-29,136,22.4,21.1,23.8
2020-07-29,137,22.2,21.5,23.7
2020-07-29,138,22.7,21.3,25.5
2020-07-29,140,24.8,23.7,25.9
2020-07-29,143,23.1,21.6,24.7
2020-07-29,146,24.9,23.6,26.5
2020-07-29,115,21.6,20.7,22.8
2020-07-29,119,24.7,23.2,27.8
2020-07-29,121,22.4,20.7,26.1
2020-07-29,127,23.5,22,25.5
2020-07-29,129,25,22.9,28.9
2020-07-29,130,20.9,20,21.9
2020-07-29,131,25,23.8,26.6
2020-07-29,133,24.7,22.5,26.2
2020-07-29,102,22,20.9,23.8
2020-07-29,104,20.8,19.8,22.6
2020-07-29,105,21.8,20.6,23.5
2020-07-29,106,20.1,19.3,22.1
2020-07-29,108,23.7,22.6,24.9
2020-07-29,112,24,23.3,24.9
2020-07-29,114,24.5,22.4,27.8
2020-07-29,90,21.3,20.2,23.5
2020-07-29,93,22.6,21.3,23.7
2020-07-29,95,23.2,21.8,27.3
2020-07-29,98,23.1,21.1,25.7
2020-07-29,99,23.3,21.2,25.2
2020-07-29,100,19,17.2,24
2020-07-29,101,23,22,23.8
2020-07-29,294,24.3,22.2,27.5
2020-07-29,295,24.4,22.8,27.4
2020-07-29,279,23.4,22.1,25.2
2020-07-29,281,22.5,21,24.2
2020-07-29,283,22.6,21.2,24.8
2020-07-29,284,23.4,22.3,24.5
2020-07-29,285,23.7,22.4,25.6
2020-07-29,288,24.3,22.7,27
2020-07-29,289,23.9,23.1,25.2
2020-07-29,266,24.9,23.8,28.4
2020-07-29,268,26.4,24.5,29.5
2020-07-29,271,21,20.1,23.2
2020-07-29,272,21.6,20.1,22.7
2020-07-29,273,22,21.2,23.6
2020-07-29,276,22.1,20.3,24.9
2020-07-29,277,21.3,20,24.7
2020-07-29,278,23.2,21.8,24.9
2020-07-29,258,26.3,25,29.8
2020-07-29,259,26.3,24.8,29
2020-07-29,260,25.9,24.2,28.7
2020-07-29,261,26.5,25.7,28.9
2020-07-29,262,26.1,23.9,29.8
2020-07-29,263,24.9,23.2,27.2
2020-07-29,264,23.7,22.9,24.8
2020-07-29,248,23.4,22.5,24.2
2020-07-29,251,25,22.7,26.8
2020-07-29,252,25.4,22.6,27.5
2020-07-29,253,23.9,22.1,27.3
2020-07-29,254,23.9,23.2,25.6
2020-07-29,255,25.5,24,29.7
2020-07-29,257,24.4,21.9,29.7
2020-07-29,236,24.9,23.6,26.4
2020-07-29,238,24.2,23,26.2
2020-07-29,239,24.6,22.9,26.5
2020-07-29,243,24.9,23.2,26.2
2020-07-29,244,23.2,22.4,23.8
2020-07-29,245,24.6,23.1,26.3
2020-07-29,247,23.9,23.2,25.2
2020-07-29,212,23,20.5,25.8
2020-07-29,216,19.9,17.5,24.7
2020-07-29,217,21.7,19.5,27.1
2020-07-29,221,22.7,20.4,26
2020-07-29,226,22.5,21.8,24
2020-07-29,232,23.9,22.9,25.1
2020-07-29,235,25.3,23.5,27.2
2020-07-29,188,26.9,24.1,29.7
2020-07-29,189,26.5,24.8,28.8
2020-07-29,192,24.4,23.2,27.4
2020-07-29,201,23.3,22.2,24.3
2020-07-29,202,23.4,21.5,25.3
2020-07-29,203,23.9,22.1,26.2
2020-07-29,211,22.1,20.2,24.4
2020-07-29,169,22.5,20.6,25.1
2020-07-29,170,26,23.6,30.5
2020-07-29,172,25.2,23.1,26.9
2020-07-29,174,24.4,23.4,27.2
2020-07-29,177,25.3,23.7,28.4
2020-07-29,184,27.9,25.7,30.9
2020-07-29,185,26.4,24.9,28.5
2020-07-29,152,23,21.8,23.9
2020-07-29,155,23.3,22.1,26.5
2020-07-29,156,24.9,23.2,26.2
2020-07-29,159,23.2,21.9,24.8
2020-07-29,162,24.2,23,28
2020-07-30,165,26.8,25.7,29.9
2020-07-30,168,25.3,23.2,29.5
2020-07-30,135,22.2,20.7,25
2020-07-30,136,22.4,20.8,25.9
2020-07-30,137,23.1,21.6,26.2
2020-07-30,138,23.5,22.2,24.4
2020-07-30,140,24.9,23.3,28.9
2020-07-30,143,23.1,21.2,25
2020-07-30,146,25.7,23.8,28.3
2020-07-30,119,24.8,22.6,28.3
2020-07-30,121,23.4,21.3,26.8
2020-07-30,127,24.2,22.1,28.1
2020-07-30,129,24.6,23,28.2
2020-07-30,130,23.1,20.8,28.2
2020-07-30,131,25.6,24.2,28.2
2020-07-30,133,25,23.2,27
2020-07-30,102,22.5,20.1,25.8
2020-07-30,104,21.3,20.2,24.1
2020-07-30,105,22.9,21.2,26.1
2020-07-30,106,20.6,19.9,22.4
2020-07-30,108,25.3,23.4,28.4
2020-07-30,112,23.7,22.1,25.6
2020-07-30,114,25,23,28.5
2020-07-30,115,22.9,21.1,25.4
2020-07-30,90,22.7,20.9,25.3
2020-07-30,93,25.2,22.1,30.2
2020-07-30,95,24.6,20.9,29.3
2020-07-30,98,24.9,21.6,29.1
2020-07-30,99,24.3,21,28.8
2020-07-30,100,21.2,19.2,25.2
2020-07-30,101,25.6,22.8,29.7
2020-07-30,294,24.9,22.6,29.8
2020-07-30,295,25,22.5,31.4
2020-07-30,279,22.9,21.3,25.5
2020-07-30,281,22.2,20.9,24
2020-07-30,283,22.4,20.7,24.6
2020-07-30,284,22.8,20,25.5
2020-07-30,285,23,21.3,25.8
2020-07-30,288,22.7,20.8,28.9
2020-07-30,289,23.2,21.7,26.6
2020-07-30,268,26.9,24.9,30.1
2020-07-30,271,20.9,18.5,23
2020-07-30,272,21.7,20.2,23.7
2020-07-30,273,22.8,21.7,24.8
2020-07-30,276,21.2,19.9,24.2
2020-07-30,277,21.9,20.7,24.9
2020-07-30,278,,21.5,25.1
2020-07-30,258,26.7,24.1,31.3
2020-07-30,259,27.2,24.7,31.3
2020-07-30,260,26.8,23.6,31.4
2020-07-30,261,26.7,25,30.7
2020-07-30,262,26.3,23.4,31.6
2020-07-30,263,23.6,21,31.2
2020-07-30,264,23,21,26
2020-07-30,266,25.2,22.6,31.3
2020-07-30,248,23.1,19.8,26.2
2020-07-30,251,26.1,24.2,29.1
2020-07-30,252,26.3,25,28.8
2020-07-30,253,23.4,21.6,29.3
2020-07-30,254,25.7,23.5,29.5
2020-07-30,255,24.5,22.9,30.3
2020-07-30,257,23,21.1,30.1
2020-07-30,236,25,23.6,28
2020-07-30,238,24,21.5,27.1
2020-07-30,239,25.2,23.8,27.5
2020-07-30,243,25.8,23.5,28.6
2020-07-30,244,24,22.5,26.3
2020-07-30,245,25.7,24,28.5
2020-07-30,247,25,22.9,28.8
2020-07-30,212,24.4,21.8,30
2020-07-30,216,21.5,19.7,25.5
2020-07-30,217,22.6,19.6,27.5
2020-07-30,221,23.1,21.2,26.9
2020-07-30,226,23.1,21.8,25.2
2020-07-30,232,24.5,23,27.3
2020-07-30,235,,22.9,26.3
2020-07-30,188,27.4,25.3,31.1
2020-07-30,189,27.2,25.9,29.2
2020-07-30,192,24.6,21.8,30.8
2020-07-30,201,23.2,20.1,27.2
2020-07-30,202,24.5,21.8,28.3
2020-07-30,203,24.8,22.4,29.3
2020-07-30,211,24.2,20.5,28.6
2020-07-30,169,23,21.3,25.7
2020-07-30,170,26.7,24.2,30.9
2020-07-30,172,26.4,24.6,29.1
2020-07-30,174,24.9,22.8,29.7
2020-07-30,177,25.2,23.6,27.5
2020-07-30,184,27.8,25.4,31
2020-07-30,185,26.8,25.7,29.3
2020-07-30,152,22.7,20.9,26.2
2020-07-30,155,23.1,21.7,28.8
2020-07-30,156,26.8,24.8,30.1
2020-07-30,159,24,22,27.9
2020-07-30,162,24.1,22.5,27.9
2020-07-31,165,27,25.4,29.8
2020-07-31,168,25.8,23.7,29
2020-07-31,135,25,20.7,29.6
2020-07-31,136,25.1,21,30.5
2020-07-31,137,25.8,21.8,31.9
2020-07-31,138,27.8,23.3,32.5
2020-07-31,140,25.7,23.8,29.5
2020-07-31,143,26.1,21.9,31.5
2020-07-31,146,26.3,24.2,29.9
2020-07-31,119,25.9,22.5,30
2020-07-31,121,24.4,20.8,30
2020-07-31,127,25.9,23.2,29.3
2020-07-31,129,25,23.3,30
2020-07-31,130,25.2,20.3,31.7
2020-07-31,131,27.4,24.3,30.9
2020-07-31,133,25.9,23.7,30
2020-07-31,104,26.9,20.7,31.7
2020-07-31,105,29.4,24.4,33.4
2020-07-31,106,25.1,20.2,30.1
2020-07-31,108,26.2,22.8,29.6
2020-07-31,112,24.9,21.9,28.2
2020-07-31,114,26,22.4,29.8
2020-07-31,115,25.7,23.1,29.2
2020-07-31,90,27.6,21.5,33.3
2020-07-31,93,25.4,20.5,30.7
2020-07-31,95,25.6,20.9,30
2020-07-31,98,25,19.8,30.5
2020-07-31,99,24.4,18.8,30
2020-07-31,100,22.7,18.4,28.7
2020-07-31,101,25.9,21.5,31.1
2020-07-31,102,22,20.2,23.8
2020-07-31,294,26,22.6,29.9
2020-07-31,295,25.9,22.1,31.6
2020-07-31,279,25.6,21.2,31.3
2020-07-31,281,25.4,20.8,30.7
2020-07-31,283,25.3,20.2,31.3
2020-07-31,284,24.9,21.5,30.4
2020-07-31,285,25.2,21.1,31.1
2020-07-31,288,25.4,20.5,31.8
2020-07-31,289,25.6,21.4,32.2
2020-07-31,268,26.9,24.4,30.8
2020-07-31,271,23.4,18.2,28.3
2020-07-31,272,24.9,20.2,30
2020-07-31,273,25,21.3,29.9
2020-07-31,276,24.6,19.5,30.5
2020-07-31,277,26.8,21.6,31.3
2020-07-31,278,25.4,21.4,31.4
2020-07-31,259,26.8,24.1,31.4
2020-07-31,260,26.7,23.4,31.5
2020-07-31,261,26.7,24,31
2020-07-31,262,26.1,23.1,31
2020-07-31,263,26.5,22.6,32.5
2020-07-31,264,25.6,21.4,31.5
2020-07-31,266,26.7,22.9,31.7
2020-07-31,248,24.3,22.1,28.7
2020-07-31,251,26.7,24,30.4
2020-07-31,252,26.9,24.7,30.3
2020-07-31,253,26.1,21.4,31.7
2020-07-31,254,26.6,23.5,31
2020-07-31,255,27.3,22.8,33.7
2020-07-31,257,26.5,21.3,32.7
2020-07-31,258,26.7,23.3,31.4
2020-07-31,236,26.2,23.4,30.5
2020-07-31,238,25.5,22.9,30
2020-07-31,239,25.9,23.6,30.4
2020-07-31,243,25.8,24.1,29.2
2020-07-31,244,25.2,22.4,29.6
2020-07-31,245,26,23.2,30.8
2020-07-31,247,26.4,22.6,30.6
2020-07-31,212,25.2,20.4,30.5
2020-07-31,216,23.8,18.9,29.1
2020-07-31,217,24,18.3,31.2
2020-07-31,221,24.5,20.2,29.9
2020-07-31,226,25.2,21.9,30.2
2020-07-31,232,25.5,22.8,29.3
2020-07-31,235,25,23.5,28.4
2020-07-31,188,26.7,23.6,30.5
2020-07-31,189,26.7,25.5,29.1
2020-07-31,192,26.2,22.4,31.3
2020-07-31,201,23.7,19,28.8
2020-07-31,202,25.1,21.2,28.9
2020-07-31,203,25.4,21.5,29.3
2020-07-31,211,26,21.4,30.9
2020-07-31,169,23,21.5,24.8
2020-07-31,170,26.6,23.8,31
2020-07-31,172,26.7,24.5,30.2
2020-07-31,174,26.6,22.4,31.9
2020-07-31,177,25.8,23.7,28.9
2020-07-31,184,26.9,25.1,29.5
2020-07-31,185,26.8,25.1,29.5
2020-07-31,152,26.1,21.2,32
2020-07-31,155,26,21.5,31.1
2020-07-31,156,27.4,24.9,30.7
2020-07-31,159,26.1,22.8,30.6
2020-07-31,162,25.4,22.6,30
2020-08-01,127,26,22.7,30.2
2020-08-01,129,25.1,23.7,27.6
2020-08-01,130,26.8,23.3,32.3
2020-08-01,131,26.5,23.5,31
2020-08-01,133,25.8,23.7,30.4
2020-08-01,135,24.8,22.2,30.1
2020-08-01,136,26.2,23.1,31
2020-08-01,137,26.1,23.2,31.2
2020-08-01,138,29.3,25.9,33.4
2020-08-01,140,25.7,23.8,29.4
2020-08-01,143,27.7,23.9,34.1
2020-08-01,146,26.3,24.2,30.8
2020-08-01,152,28.2,24.4,33.3
2020-08-01,155,27.2,24,31.8
2020-08-01,156,26.3,23,30
2020-08-01,90,26.3,23.1,29.6
2020-08-01,93,24.2,22.9,25.9
2020-08-01,95,23.3,22.2,25.1
2020-08-01,98,23.6,22.5,26
2020-08-01,99,23.8,22.1,26.4
2020-08-01,100,21.9,19.7,25.6
2020-08-01,101,24.7,23.5,26
2020-08-01,102,21.9,20.7,23.3
2020-08-01,104,25.8,22.7,29.4
2020-08-01,105,27.7,24.4,30.5
2020-08-01,106,25,22.8,28.4
2020-08-01,108,25.3,24.3,26.9
2020-08-01,112,24.4,23.2,25.5
2020-08-01,114,25.4,22.3,30.1
2020-08-01,115,26.5,23.1,30.3
2020-08-01,119,26.2,24,29.2
2020-08-01,271,23.6,20.9,28
2020-08-01,272,25,22.1,29.7
2020-08-01,273,25.3,22.5,30.9
2020-08-01,276,25.7,22,31.7
2020-08-01,277,26.8,23.8,31.6
2020-08-01,278,26.4,23,31.8
2020-08-01,279,26.8,23.7,31.2
2020-08-01,281,26.5,23.3,32.1
2020-08-01,283,27.5,23.4,33.5
2020-08-01,284,25.4,22.8,31.7
2020-08-01,285,26.8,23.1,32
2020-08-01,288,27.5,24,33
2020-08-01,289,26.2,23.2,31.7
2020-08-01,294,26.7,23.4,29.8
2020-08-01,295,26.7,23.1,30.6
2020-08-01,248,24.5,21.3,28.4
2020-08-01,251,26.1,23.2,30.1
2020-08-01,252,26.2,22.6,30.2
2020-08-01,253,27.5,24.4,32.2
2020-08-01,254,25.3,22.9,30.9
2020-08-01,255,28.7,25.6,32.8
2020-08-01,257,27.6,24.3,32.6
2020-08-01,258,26.9,23.7,30.7
2020-08-01,259,26.7,23.3,31
2020-08-01,260,25.9,22.7,29.5
2020-08-01,261,27,23.2,30.8
2020-08-01,262,26.2,22.5,31
2020-08-01,263,27.6,23.9,32.4
2020-08-01,264,25.5,22.1,31.6
2020-08-01,266,26.9,24.3,31.3
2020-08-01,268,26.8,23.6,29.3
2020-08-01,203,25.4,23.2,30
2020-08-01,211,24,22.5,26.9
2020-08-01,212,23.8,21.9,27.6
2020-08-01,216,22.7,19.4,26.6
2020-08-01,217,23.9,21,29.3
2020-08-01,221,24.5,21.4,28.8
2020-08-01,226,24.5,22.7,29.3
2020-08-01,232,25.3,22.9,29.6
2020-08-01,235,25.7,23.5,27.8
2020-08-01,236,25.7,23.2,29.3
2020-08-01,238,25.6,23,30.6
2020-08-01,239,25.2,23,30.5
2020-08-01,243,25.8,23.7,29.6
2020-08-01,244,24.6,22.7,28.6
2020-08-01,245,25.5,23.3,30
2020-08-01,247,26.2,23.5,30.4
2020-08-01,159,26.9,24.3,30
2020-08-01,162,26.4,23.7,30.5
2020-08-01,165,27.3,25.2,29.9
2020-08-01,168,26.4,24.4,29
2020-08-01,169,23.2,22,24.6
2020-08-01,170,26.2,23.7,29.6
2020-08-01,172,26.1,22.4,29.9
2020-08-01,174,26.2,22.9,30
2020-08-01,177,26,24.5,28.7
2020-08-01,184,28.2,25.5,30.7
2020-08-01,185,27.3,25.4,29.6
2020-08-01,188,26.9,24.1,31
2020-08-01,189,27.2,25.6,29.6
2020-08-01,192,26.6,23.3,31.1
2020-08-01,201,24.4,23,26.2
2020-08-01,202,24.3,22.4,27.8
2020-08-01,121,24.6,20.9,28.8
2020-08-02,271,22.6,20.4,26.4
2020-08-02,272,23.5,21.7,28.1
2020-08-02,273,24.8,22.8,28.1
2020-08-02,276,25.8,22.4,31.5
2020-08-02,277,26.6,22.2,32.4
2020-08-02,278,27.2,23.6,31.8
2020-08-02,279,27.5,23.6,31.1
2020-08-02,281,27.5,23.2,31.4
2020-08-02,283,28,23.4,33
2020-08-02,284,26,22.3,29.8
2020-08-02,285,27.3,23.2,31.9
2020-08-02,288,28.1,24.1,32.6
2020-08-02,289,26.5,22.9,31.5
2020-08-02,294,26.8,25.9,28.6
2020-08-02,295,27.1,24.4,30.1
2020-08-02,248,25.5,23.4,28.1
2020-08-02,251,27.7,25.8,30.6
2020-08-02,252,27.5,25.7,30.8
2020-08-02,253,27.8,25.5,31.6
2020-08-02,254,26.9,23.5,30.7
2020-08-02,255,29,26.8,32.7
2020-08-02,257,28,25.4,32.7
2020-08-02,258,27.7,24.2,31.2
2020-08-02,259,27.5,24.6,31
2020-08-02,260,27.2,24.2,31.6
2020-08-02,261,27.9,26.4,30.9
2020-08-02,262,27,23.8,30.4
2020-08-02,263,28.7,25.9,32
2020-08-02,264,26.3,22.9,31.9
2020-08-02,266,27.3,24.8,30.9
2020-08-02,268,27.8,26.8,29.6
2020-08-02,203,23.5,22.6,27.6
2020-08-02,211,24.6,22.4,28.2
2020-08-02,212,24.7,23,27.7
2020-08-02,216,22.5,19.9,26.2
2020-08-02,217,23,21.4,26
2020-08-02,221,23,21.8,26.6
2020-08-02,226,25.8,22.8,30.3
2020-08-02,232,25.7,22.8,29
2020-08-02,235,26.6,25.4,28.1
2020-08-02,236,27.5,25.1,29.8
2020-08-02,238,28,25.5,31
2020-08-02,239,26.9,23.1,29.8
2020-08-02,243,27.6,25.7,30.3
2020-08-02,244,25.5,23,28.9
2020-08-02,245,27.7,25.5,30.4
2020-08-02,247,27.7,24.3,30.7
2020-08-02,159,26.8,24.2,30
2020-08-02,162,27.2,26,29.5
2020-08-02,165,27.8,25.7,30.8
2020-08-02,168,26.6,25.2,28.9
2020-08-02,169,23.3,21.7,25.1
2020-08-02,170,27.4,24,31.3
2020-08-02,172,28,26.2,30.5
2020-08-02,174,26.5,23.5,30.9
2020-08-02,177,27.1,23.3,28.9
2020-08-02,184,29.3,26.7,34
2020-08-02,185,27.6,26.2,29.8
2020-08-02,188,27.9,26.1,30.9
2020-08-02,189,27.3,26.3,29.3
2020-08-02,192,27.4,24.5,31.4
2020-08-02,201,23.7,22.9,25.1
2020-08-02,202,23.7,22.4,25.8
2020-08-02,121,23.4,22.1,26.4
2020-08-02,127,24.7,22.7,28.2
2020-08-02,129,25.4,22.5,26.6
2020-08-02,130,25.3,22.3,29.2
2020-08-02,131,27.5,23.5,30.8
2020-08-02,133,27.7,23.8,30.6
2020-08-02,135,25.4,22.5,29.6
2020-08-02,136,26.5,23.8,30.3
2020-08-02,137,25.9,23.2,29.7
2020-08-02,138,29.6,26.8,33.7
2020-08-02,140,27.4,25.2,30.9
2020-08-02,143,28.6,24.6,33.4
2020-08-02,146,28,25.6,32
2020-08-02,152,28.3,26,31.9
2020-08-02,155,27.7,25.2,31.8
2020-08-02,156,27.4,25.5,30.4
2020-08-02,90,24,22.8,28.7
2020-08-02,93,24.2,23.1,26.8
2020-08-02,95,23.8,22.3,27.2
2020-08-02,98,23.9,22.5,25.8
2020-08-02,99,24,22.7,26.2
2020-08-02,100,22.5,19.8,26.2
2020-08-02,101,24.7,23.5,26.8
2020-08-02,102,22.3,20.7,23.5
2020-08-02,104,25.7,22.5,31.9
2020-08-02,105,27.7,23.7,33
2020-08-02,106,25.8,22,31.2
2020-08-02,108,24.9,23.5,26.4
2020-08-02,112,24,22.4,25
2020-08-02,114,24.6,22.8,28.3
2020-08-02,115,26.1,23.7,29.7
2020-08-02,119,25.2,23.3,28.1
2020-08-03,127,24.3,21.9,27.6
2020-08-03,129,25,23.4,25.8
2020-08-03,130,27.4,24.7,28.7
2020-08-03,131,26.1,23.8,28.8
2020-08-03,133,27,25,30.6
2020-08-03,135,25.1,21.7,30.2
2020-08-03,136,26.4,23.7,30
2020-08-03,137,26.2,23.6,30.1
2020-08-03,138,29.7,26.6,33
2020-08-03,140,27.7,25.6,30.8
2020-08-03,143,29.1,25.7,33
2020-08-03,146,28.4,26.3,31.4
2020-08-03,152,28.3,26.1,31.7
2020-08-03,155,27.9,25.9,31.4
2020-08-03,156,27.7,25.6,30.3
2020-08-03,90,26.8,23.2,31.1
2020-08-03,93,23.4,22.3,24.5
2020-08-03,95,24.6,22.5,26
2020-08-03,98,24.2,23.2,25.7
2020-08-03,99,24.2,23.6,26.1
2020-08-03,100,21,18.7,23.2
2020-08-03,101,23.8,22.9,25
2020-08-03,102,23.4,21.9,24.7
2020-08-03,104,25.6,22.1,28.9
2020-08-03,105,27.2,24.1,29.3
2020-08-03,106,25.8,22.8,28.8
2020-08-03,108,25,23.9,26.3
2020-08-03,112,24.2,23.6,25.1
2020-08-03,114,24.2,22.4,26.7
2020-08-03,115,26.1,25.4,28.5
2020-08-03,119,25,23,26.8
2020-08-03,271,22.8,20.5,26.1
2020-08-03,272,23.5,21.5,27.2
2020-08-03,273,24.3,22.8,28.7
2020-08-03,276,25.6,22.2,31.7
2020-08-03,277,26.7,24.2,30.9
2020-08-03,278,26.5,23.1,31.2
2020-08-03,279,26.7,23.9,31.1
2020-08-03,281,27.9,24,32.3
2020-08-03,283,28,24.2,32.2
2020-08-03,284,26,22.3,30.6
2020-08-03,285,27.4,24.1,30.7
2020-08-03,288,27.8,24.6,32
2020-08-03,289,26.4,22.6,32.2
2020-08-03,294,26.7,25.9,27.9
2020-08-03,295,27.1,25.2,29.1
2020-08-03,248,26,24.4,28.7
2020-08-03,251,28,26.2,31.2
2020-08-03,252,27.7,26,30.7
2020-08-03,253,27.6,25.6,30.3
2020-08-03,254,27.7,24.8,30.6
2020-08-03,255,28.7,26.9,32.1
2020-08-03,257,28.1,25.8,31.1
2020-08-03,258,27.5,25.3,30.3
2020-08-03,259,27.3,24.7,30.7
2020-08-03,260,26.4,24.1,30.8
2020-08-03,261,27.8,24.4,30.8
2020-08-03,262,26.7,23.5,30.4
2020-08-03,263,28.3,26.4,31.8
2020-08-03,264,26,22.6,32.7
2020-08-03,266,26.9,25.1,29.9
2020-08-03,268,27.5,26.2,29.9
2020-08-03,203,23.9,22.8,26.2
2020-08-03,211,23.7,22.5,25.6
2020-08-03,212,23.8,21.8,26.6
2020-08-03,216,22.9,21.2,25
2020-08-03,217,23.1,21,25.5
2020-08-03,221,22.8,21.7,24.9
2020-08-03,226,24.7,22.5,28.7
2020-08-03,232,24.4,22.5,26.5
2020-08-03,235,26.2,23.4,27.4
2020-08-03,236,27.3,24,29.7
2020-08-03,238,27.6,25.3,30.5
2020-08-03,239,26.2,23.2,29.1
2020-08-03,243,28,26,31
2020-08-03,244,26.2,23.8,30.2
2020-08-03,245,28,25.9,30.7
2020-08-03,247,27.7,25,31.5
2020-08-03,159,26.9,25.2,29.3
2020-08-03,162,27.1,25.3,28.8
2020-08-03,165,28,26,31.1
2020-08-03,168,26.4,25.4,28
2020-08-03,169,23.6,22.3,26.4
2020-08-03,170,26.9,24.3,30.2
2020-08-03,172,28.1,26.4,31
2020-08-03,174,26.8,23.9,29.5
2020-08-03,177,26,23.5,27.4
2020-08-03,184,28.8,26.7,32.5
2020-08-03,185,27.6,26.3,29.6
2020-08-03,188,27.7,26.2,30
2020-08-03,189,27.4,26.3,29.8
2020-08-03,192,27.2,24.7,30.4
2020-08-03,201,24.6,23.4,25.8
2020-08-03,202,23.8,22.4,25.2
2020-08-03,121,23.1,22.2,25.8
2020-08-04,127,26.6,22.7,32
2020-08-04,129,26.8,25.2,30.9
2020-08-04,130,25.5,23,31.3
2020-08-04,131,27.6,24.2,32.5
2020-08-04,133,27.5,25.2,32.3
2020-08-04,135,26,21,32.3
2020-08-04,136,26.9,22.7,33
2020-08-04,137,26.6,22.2,33.2
2020-08-04,138,30.4,27,34.7
2020-08-04,140,28.4,25,33.2
2020-08-04,143,29.3,24.9,34.4
2020-08-04,146,29.1,25.4,33.4
2020-08-04,152,28.2,25.1,32.3
2020-08-04,155,27.7,24.9,31.2
2020-08-04,156,28.5,25.7,33
2020-08-04,90,24.4,22.4,29.6
2020-08-04,93,24.5,22.7,29.1
2020-08-04,95,25.2,23,27.1
2020-08-04,98,25.5,23.6,28.2
2020-08-04,99,25.8,24,28.8
2020-08-04,100,22.9,20.7,26.3
2020-08-04,101,24.8,23,28.6
2020-08-04,102,24.2,22.8,25.1
2020-08-04,104,24.8,22.2,28.8
2020-08-04,105,25.6,23.9,28.8
2020-08-04,106,24.4,21.9,28.2
2020-08-04,108,27,25,29.4
2020-08-04,112,25.7,24.6,27.6
2020-08-04,114,26.3,23,30.7
2020-08-04,115,26.9,25.1,30.1
2020-08-04,119,27.4,23.8,30.4
2020-08-04,271,24.1,20.4,29.2
2020-08-04,272,24.4,21,30.3
2020-08-04,273,26,22.5,31.6
2020-08-04,276,26.4,20.9,33.1
2020-08-04,277,26.6,22.9,32.7
2020-08-04,278,27.5,22.6,33.2
2020-08-04,279,27.8,23.2,32.6
2020-08-04,281,28.3,24.3,32.8
2020-08-04,283,28.4,23.4,35.1
2020-08-04,284,26.3,21.6,32.2
2020-08-04,285,27.6,22.6,32.9
2020-08-04,288,27.6,23.3,33.2
2020-08-04,289,27.4,22.6,32.5
2020-08-04,294,27,25.7,28.6
2020-08-04,295,27.5,24.7,29.8
2020-08-04,248,25.9,22.6,30.1
2020-08-04,251,28.8,25,33.7
2020-08-04,252,28.6,25,33.4
2020-08-04,253,27.8,24.6,31.5
2020-08-04,254,28.1,24.2,32.9
2020-08-04,255,28.7,25.8,33
2020-08-04,257,27.6,25.2,31.2
2020-08-04,258,28.2,25.3,31.7
2020-08-04,259,28,24.3,31.6
2020-08-04,260,27.3,24.1,30.5
2020-08-04,261,27.6,23.3,31.5
2020-08-04,262,27.5,24.2,31.1
2020-08-04,263,27.8,23.4,32.7
2020-08-04,264,26.6,21.8,32.8
2020-08-04,266,28.1,24.5,32
2020-08-04,268,28,25.4,31.4
2020-08-04,203,26.5,22.8,30.7
2020-08-04,211,23.3,21.7,25.5
2020-08-04,212,24.9,21.9,29.8
2020-08-04,216,23.6,20.7,29.1
2020-08-04,217,25.1,21.9,29.3
2020-08-04,221,25.4,21.8,30.4
2020-08-04,226,24.8,22.2,31.3
2020-08-04,232,26.2,22.2,30.8
2020-08-04,235,27.9,25.6,31.5
2020-08-04,236,27.5,25.4,32.4
2020-08-04,238,27.5,24,32
2020-08-04,239,27.2,24.9,31.4
2020-08-04,243,28.8,25.1,33.3
2020-08-04,244,26.6,23.4,30.8
2020-08-04,245,28.7,24.7,33
2020-08-04,247,27.6,23.4,32.7
2020-08-04,159,27,25.1,29.4
2020-08-04,162,26.5,24.5,28.7
2020-08-04,165,28.6,26,32.1
2020-08-04,168,27.5,25.7,30.4
2020-08-04,169,25.2,22.5,29.4
2020-08-04,170,26.8,24.1,31.1
2020-08-04,172,28.6,25.4,33.5
2020-08-04,174,27.1,24,31
2020-08-04,177,28.1,26.2,30.9
2020-08-04,184,30.2,27.1,34.9
2020-08-04,185,28.5,26.3,31.2
2020-08-04,188,28.1,26.1,31.1
2020-08-04,189,27.9,26.4,30.5
2020-08-04,192,27.4,23.2,31.2
2020-08-04,201,25.7,24.5,27.6
2020-08-04,202,25.5,22.5,30.2
2020-08-04,121,25.2,22.1,30.8
2020-08-05,90,21.5,20.6,23.2
2020-08-05,93,24.4,23.1,26.3
2020-08-05,95,24.9,23,27.3
2020-08-05,98,25.3,24.3,27.5
2020-08-05,99,25.7,24.1,29.5
2020-08-05,100,21.6,20,23.7
2020-08-05,101,24.9,24.1,26.2
2020-08-05,102,23.7,22.6,25.8
2020-08-05,104,21.6,20.6,23.6
2020-08-05,105,22.7,21.8,24.5
2020-08-05,106,22.1,20.9,23.3
2020-08-05,108,26.5,25.5,29.1
2020-08-05,112,26.6,24.6,29.3
2020-08-05,114,25.7,23.9,27.6
2020-08-05,115,25.5,23.9,26.8
2020-08-05,119,27,25.2,29.1
2020-08-05,121,23.5,21.9,26.1
2020-08-05,127,25.5,23.3,27.3
2020-08-05,129,27.7,24.8,31.9
2020-08-05,130,24.5,22.8,26.2
2020-08-05,131,26.7,25.2,29.8
2020-08-05,133,26.4,25,29.8
2020-08-05,135,25,22.7,30
2020-08-05,136,26.1,22.8,31
2020-08-05,137,25.7,23.5,29.6
2020-08-05,138,30,26.9,34.3
2020-08-05,140,27.6,25.7,29.8
2020-08-05,143,28.9,25.4,33
2020-08-05,146,27.9,25.8,31
2020-08-05,152,28.1,24.3,32
2020-08-05,155,27.8,25.6,30.6
2020-08-05,156,28.2,26.1,31.2
2020-08-05,159,26.6,25.4,29.2
2020-08-05,162,26.9,25.5,28.6
2020-08-05,165,28.1,24.2,31.5
2020-08-05,168,27.9,26.2,29.3
2020-08-05,169,26,22.6,29.2
2020-08-05,170,27.7,24.8,30.9
2020-08-05,172,28.6,26.7,31.8
2020-08-05,174,27,25.5,28.8
2020-08-05,177,27.6,25.5,32
2020-08-05,184,30.3,26.4,34.1
2020-08-05,185,27.9,26.2,30.2
2020-08-05,188,27.3,25.8,30.1
2020-08-05,189,26.9,24.9,28.4
2020-08-05,192,27.1,24.3,29.5
2020-08-05,201,26.7,24.6,29.9
2020-08-05,202,24.7,23.7,26.2
2020-08-05,203,25.6,24.3,28.1
2020-08-05,211,22.5,20.3,25.2
2020-08-05,212,24.3,23.3,26.1
2020-08-05,216,22.8,20.7,25.2
2020-08-05,217,22.5,21.1,24.9
2020-08-05,221,24,22.4,25.8
2020-08-05,226,24.9,22.4,29.2
2020-08-05,232,25.8,24,27.6
2020-08-05,235,28.7,27,31.7
2020-08-05,236,26.8,24.7,28.9
2020-08-05,238,26.2,24.1,30.4
2020-08-05,239,26,24.7,30
2020-08-05,243,27.5,25.3,30.7
2020-08-05,244,25.3,23.9,27.5
2020-08-05,245,28.3,24.9,31.2
2020-08-05,247,26.7,24.3,29
2020-08-05,248,24.6,21.6,28
2020-08-05,251,28.1,27,31.1
2020-08-05,252,28.3,26.2,32
2020-08-05,253,27.2,24.9,30.6
2020-08-05,254,27.1,24.4,30.4
2020-08-05,255,29.4,27.2,32.6
2020-08-05,257,27.8,25.4,31.2
2020-08-05,258,28.5,26.4,30.8
2020-08-05,259,28.3,26.6,30.9
2020-08-05,260,27.3,26.4,30.1
2020-08-05,261,28,25.6,31.6
2020-08-05,262,28.3,25.8,29.8
2020-08-05,263,27.4,24,31.6
2020-08-05,264,25.8,22.8,30.1
2020-08-05,266,27.3,26,29.4
2020-08-05,268,28,25.9,30.7
2020-08-05,271,23.4,21.2,27
2020-08-05,272,24.2,21.9,27.2
2020-08-05,273,25.3,23.2,28.8
2020-08-05,276,25.8,22.2,32.5
2020-08-05,277,26.8,22.9,31.7
2020-08-05,278,26.9,23.2,31.5
2020-08-05,279,27.8,24.7,31.2
2020-08-05,281,27.5,24.4,32.1
2020-08-05,283,28.3,23.5,33.3
2020-08-05,284,25.7,22.6,29.3
2020-08-05,285,26.7,24,30.7
2020-08-05,288,28.1,24.4,31.8
2020-08-05,289,26.2,24.9,27.6
2020-08-05,294,27.7,26.6,28.8
2020-08-05,295,27.7,26.7,28.7
2020-08-06,248,24.9,23.1,25.9
2020-08-06,251,25.6,24.2,28.2
2020-08-06,252,25.8,24.1,28.4
2020-08-06,253,26.8,25.4,28
2020-08-06,254,26,25,27.9
2020-08-06,255,27.9,26.7,29.7
2020-08-06,257,27.2,25.7,29.3
2020-08-06,258,27.5,26.2,28.7
2020-08-06,259,27.2,26,28.9
2020-08-06,260,26.9,25.5,28.5
2020-08-06,261,26.6,25.5,28.1
2020-08-06,262,26.6,25.8,28.2
2020-08-06,263,27.5,26.1,29
2020-08-06,264,25.3,24.1,29.8
2020-08-06,266,26.4,25.6,28.3
2020-08-06,268,27.1,26.1,28.3
2020-08-06,271,23.1,19.8,25.7
2020-08-06,272,24.2,20.7,28.3
2020-08-06,273,25,21.6,29
2020-08-06,276,26.3,23.3,30.8
2020-08-06,277,25.1,20.3,32.1
2020-08-06,278,26.4,24.3,29.7
2020-08-06,279,27,25.1,29.8
2020-08-06,281,27,23.7,28.8
2020-08-06,283,27.4,22.4,30.2
2020-08-06,284,25.4,23.9,27.6
2020-08-06,285,26.3,25.2,28.9
2020-08-06,288,27.2,25.8,29.1
2020-08-06,289,26.2,24.7,28
2020-08-06,294,26.7,25.3,27.6
2020-08-06,295,27.4,26.2,28.5
2020-08-06,90,22.6,20.7,26
2020-08-06,93,24.3,21.6,27.8
2020-08-06,95,23.6,22.2,24.8
2020-08-06,98,23.5,22.3,25.9
2020-08-06,99,23.6,21.8,28
2020-08-06,100,21.9,20,24.1
2020-08-06,101,24.5,22.9,27.1
2020-08-06,102,22.8,20.2,25
2020-08-06,104,23.2,20.9,28.2
2020-08-06,105,24.1,22.1,28.3
2020-08-06,106,22.2,20.2,27
2020-08-06,108,24.1,22.9,26
2020-08-06,112,23.2,22.2,25.3
2020-08-06,114,24.6,23.2,26.8
2020-08-06,115,23,20.3,25
2020-08-06,119,24.3,22.8,26.2
2020-08-06,121,23.7,21.3,26
2020-08-06,127,24.6,22,27.7
2020-08-06,129,24,22.2,26.9
2020-08-06,130,22.7,20,29.7
2020-08-06,131,25.6,23.8,27.7
2020-08-06,133,25.5,23.4,27.1
2020-08-06,135,25.1,23.5,28
2020-08-06,136,25.5,24,27.8
2020-08-06,137,25.7,24.3,28.8
2020-08-06,138,27.5,21.9,30.8
2020-08-06,140,24.7,22.8,27.6
2020-08-06,143,28.5,25.8,31.2
2020-08-06,146,26.1,24.1,28.4
2020-08-06,152,27.4,25.9,29.1
2020-08-06,155,27.1,25.9,29.4
2020-08-06,156,25.5,24.8,28.1
2020-08-06,159,26.1,24.5,27.4
2020-08-06,162,26.9,25.5,28.2
2020-08-06,165,26.6,25.6,28.3
2020-08-06,168,25.9,25.1,27.7
2020-08-06,169,25.5,22.7,28.8
2020-08-06,170,27.6,26.5,28.7
2020-08-06,172,25.9,24.4,28.6
2020-08-06,174,26.2,20.6,28.5
2020-08-06,177,24.5,22.4,27.8
2020-08-06,184,30.2,27.9,32.7
2020-08-06,185,26.8,26.3,28.3
2020-08-06,188,27,26,27.5
2020-08-06,189,26.4,25.6,26.8
2020-08-06,192,26.9,25.8,27.8
2020-08-06,201,23.7,21.7,27.2
2020-08-06,202,25,22.6,28.1
2020-08-06,203,24.9,22.7,27.6
2020-08-06,211,24,20.4,27.6
2020-08-06,212,24.8,22.4,27.6
2020-08-06,216,22.2,18.9,25.7
2020-08-06,217,23,20.2,25.2
2020-08-06,221,23.4,21.6,24.9
2020-08-06,226,24.5,22,26.4
2020-08-06,232,24.4,21.6,27.6
2020-08-06,235,23.5,21.6,27.7
2020-08-06,236,24.6,22.1,27
2020-08-06,238,26.1,24.3,28.4
2020-08-06,239,25,22.7,27.4
2020-08-06,243,25.6,23.4,28.3
2020-08-06,244,24.9,23.9,27.2
2020-08-06,245,25.7,23.8,28.8
2020-08-06,247,25.9,24.8,27.1
2020-08-07,248,22.7,21.3,24.6
2020-08-07,251,24.8,23.3,26.6
2020-08-07,252,24.9,23.7,26.2
2020-08-07,253,25.8,23.6,27.9
2020-08-07,254,24.3,23.1,26
2020-08-07,255,26.9,24.7,29.7
2020-08-07,257,26,24,28.3
2020-08-07,258,26.7,25.5,27.7
2020-08-07,259,26.1,25.3,27
2020-08-07,260,25.7,24.3,27.1
2020-08-07,261,26.3,25.7,27.1
2020-08-07,262,26.3,25.4,28
2020-08-07,263,25.5,23.3,28.1
2020-08-07,264,24,22.3,25.4
2020-08-07,266,25.5,24.7,26.9
2020-08-07,268,26.5,25.9,27.2
2020-08-07,271,20.1,18.4,22.8
2020-08-07,272,21.4,19.8,23.5
2020-08-07,273,21.8,20.8,23.3
2020-08-07,276,22.4,21,25.2
2020-08-07,277,22.5,20.4,25.6
2020-08-07,278,23,21.3,25
2020-08-07,279,23.3,21.7,25.1
2020-08-07,281,23.2,22,25.1
2020-08-07,283,24.3,22.3,28.7
2020-08-07,284,23.2,22.3,24.4
2020-08-07,285,24.2,22.6,25.9
2020-08-07,288,25.4,23.4,28.3
2020-08-07,289,24,22.3,26.5
2020-08-07,294,26.3,25.6,27.3
2020-08-07,295,26.8,25.2,28.2
2020-08-07,90,24.2,21,28.3
2020-08-07,93,23.2,20.9,27.1
2020-08-07,95,23.3,21.1,26.1
2020-08-07,98,23.4,21,26.8
2020-08-07,99,23.6,20.8,26.9
2020-08-07,100,20.2,18.2,23.4
2020-08-07,101,23.8,22.1,26.3
2020-08-07,102,22.7,20.6,24.8
2020-08-07,104,24.1,20.8,27.9
2020-08-07,105,25.7,22.2,28.7
2020-08-07,106,22.7,20.1,26.8
2020-08-07,108,24.3,22.6,26.1
2020-08-07,112,23.7,22,25.3
2020-08-07,114,23.4,22,25.8
2020-08-07,115,22.2,20.6,24.9
2020-08-07,119,24.2,22.4,25.9
2020-08-07,121,21.8,20.5,25
2020-08-07,127,22.4,20.7,24.7
2020-08-07,129,23,21.7,24.4
2020-08-07,130,21.8,19.9,26.3
2020-08-07,131,23.3,22.2,24.5
2020-08-07,133,23.5,23,24.2
2020-08-07,135,22.2,20.6,24
2020-08-07,136,22.4,20.5,24.2
2020-08-07,137,22.4,20.2,25
2020-08-07,138,24.1,22.2,28.1
2020-08-07,140,23.1,22.3,23.8
2020-08-07,143,24.6,22.5,27.1
2020-08-07,146,23.8,22.7,25.3
2020-08-07,152,25.3,22.7,29.2
2020-08-07,155,25.7,23.7,28.1
2020-08-07,156,24.5,23.2,26
2020-08-07,159,25.6,23.6,27.8
2020-08-07,162,26.3,25.2,27.8
2020-08-07,165,25.9,24.3,26.5
2020-08-07,168,25.5,24.9,26.7
2020-08-07,169,23.7,22.5,25.6
2020-08-07,170,27.2,26.6,28.3
2020-08-07,172,25,23.7,26.3
2020-08-07,174,24.8,17.9,26.4
2020-08-07,177,22.8,21.3,24.3
2020-08-07,184,30.6,27.8,32.7
2020-08-07,185,26.9,25.9,28.5
2020-08-07,188,27.4,26.7,28.2
2020-08-07,189,26.8,26.4,27.6
2020-08-07,192,25.4,23.4,27.3
2020-08-07,201,23.5,21.7,26.3
2020-08-07,202,22.7,21.3,25.4
2020-08-07,203,23.2,21.7,25
2020-08-07,211,23.5,21.2,26.4
2020-08-07,212,23.6,21.7,26.9
2020-08-07,216,20.2,18.8,22.8
2020-08-07,217,21.2,19,25.4
2020-08-07,221,21.9,20.7,24.6
2020-08-07,226,22,21.4,23.4
2020-08-07,232,22.1,20.5,23.7
2020-08-07,235,23.2,21.6,24.6
2020-08-07,236,23,22.1,23.8
2020-08-07,238,23.1,22,24.5
2020-08-07,239,23,22.2,24
2020-08-07,243,24,22.7,24.9
2020-08-07,244,23.2,21.7,24.6
2020-08-07,245,24.3,22.4,25.2
2020-08-07,247,24.2,22.9,25.6
2020-08-08,248,23.3,22.1,24.7
2020-08-08,251,25,23.2,26.8
2020-08-08,252,25.2,23.3,26.7
2020-08-08,253,25.4,24,26.7
2020-08-08,254,24.4,22.9,26.7
2020-08-08,255,26.7,25.2,28
2020-08-08,257,25.5,24,27
2020-08-08,258,27.2,26.1,28.5
2020-08-08,259,26.9,24.7,28.7
2020-08-08,260,26.9,25,28.4
2020-08-08,261,26.6,25.3,27.4
2020-08-08,262,26.4,25.6,28
2020-08-08,263,25.3,23.3,26.9
2020-08-08,264,23.1,22,24.4
2020-08-08,266,25.5,24.5,27.4
2020-08-08,268,27.1,26,29
2020-08-08,271,20.9,19.1,21.8
2020-08-08,272,21.6,20.2,23
2020-08-08,273,22.1,20.9,23.2
2020-08-08,276,22.3,21,23.8
2020-08-08,277,21,20.1,22
2020-08-08,278,23.2,21.4,25.1
2020-08-08,279,23,21.6,24.6
2020-08-08,281,22.8,21.7,24.4
2020-08-08,283,22.7,21.5,25
2020-08-08,284,22.9,22.3,23.7
2020-08-08,285,23.3,22.3,24.8
2020-08-08,288,24.5,23.3,25.7
2020-08-08,289,23.6,22.4,25
2020-08-08,294,25.8,24,26.5
2020-08-08,295,26.5,25.4,27.8
2020-08-08,90,22.2,20.8,23.8
2020-08-08,93,24.3,20.7,28.9
2020-08-08,95,24.3,18.9,29.6
2020-08-08,98,23.7,20.1,28.5
2020-08-08,99,23.9,20.6,27.7
2020-08-08,100,18.5,17.1,19.9
2020-08-08,101,24.6,21.7,28.5
2020-08-08,102,22.7,20.8,26.4
2020-08-08,104,20.9,20.3,21.9
2020-08-08,105,21.9,21.4,22.5
2020-08-08,106,20.2,19.6,21
2020-08-08,108,24.2,22.7,26.1
2020-08-08,112,24,23.1,25.9
2020-08-08,114,23.1,21.2,25.6
2020-08-08,115,22.6,20.5,24.9
2020-08-08,119,24,22.7,25
2020-08-08,121,21.9,20,23.4
2020-08-08,127,23,21.2,25.8
2020-08-08,129,24.2,22.7,25.5
2020-08-08,130,20.7,19.8,21.8
2020-08-08,131,24.4,22.5,27.2
2020-08-08,133,23.8,22.8,25
2020-08-08,135,21.9,20.7,23.3
2020-08-08,136,22.6,21.2,23.8
2020-08-08,137,22.3,21.2,23.3
2020-08-08,138,22,21,24
2020-08-08,140,24.2,23,25.6
2020-08-08,143,23.7,22.9,25
2020-08-08,146,24.2,23.6,25.8
2020-08-08,152,24.2,23,26.3
2020-08-08,155,25.8,24.4,26.7
2020-08-08,156,25,23,27.1
2020-08-08,159,24.9,23.7,26.4
2020-08-08,162,26.3,24.9,27.7
2020-08-08,165,26.5,25.2,27.8
2020-08-08,168,25.4,24.7,26.1
2020-08-08,169,24.6,22.8,28
2020-08-08,170,27.6,26.2,29.7
2020-08-08,172,25.3,23.3,26.9
2020-08-08,174,25.5,23.1,27.2
2020-08-08,177,24.4,22.7,26.6
2020-08-08,184,30.9,29.7,32.7
2020-08-08,185,27.1,26,28.7
2020-08-08,188,27.5,26.2,28.8
2020-08-08,189,26.6,26.2,27.4
2020-08-08,192,25.3,23.6,26.3
2020-08-08,201,23.4,20.3,26.3
2020-08-08,202,23.1,21,24.8
2020-08-08,203,23.1,21.4,24.2
2020-08-08,211,22.6,19.9,26.2
2020-08-08,212,23.4,21,27.7
2020-08-08,216,19.3,18.5,20.2
2020-08-08,217,21.4,19.4,24.6
2020-08-08,221,21.8,19.8,22.9
2020-08-08,226,22.5,21.2,24.5
2020-08-08,232,23.5,21.8,25.8
2020-08-08,235,24.7,23.2,25.9
2020-08-08,236,23.9,22.7,25.3
2020-08-08,238,23.1,22.1,24.1
2020-08-08,239,23.7,22.4,25.5
2020-08-08,243,24.4,23.5,25.9
2020-08-08,244,23.3,22.4,24.3
2020-08-08,245,24.7,23.3,26.6
2020-08-08,247,24.4,23,26.6
2020-08-09,248,26,23.1,30.5
2020-08-09,251,27.7,25.3,31.3
2020-08-09,252,28.1,25.3,32
2020-08-09,253,26.6,24.3,31.1
2020-08-09,254,28,24.4,31.9
2020-08-09,255,28.2,25.9,32.5
2020-08-09,257,26.5,24.3,30.8
2020-08-09,258,28,25.6,30.8
2020-08-09,259,28.3,25.7,31.5
2020-08-09,260,27.2,25.6,30.1
2020-08-09,261,28.3,25.6,31.7
2020-08-09,262,27.7,26.1,30
2020-08-09,263,28.2,24.6,31.8
2020-08-09,264,26.3,21.8,33
2020-08-09,266,27.3,25.7,30
2020-08-09,268,27.7,25.7,30.2
2020-08-09,271,23.8,20.7,28.4
2020-08-09,272,24.3,21.4,28.6
2020-08-09,273,25.1,22.8,30.3
2020-08-09,276,26.4,21.1,32.4
2020-08-09,277,25.3,20.2,31.3
2020-08-09,278,27.4,22.7,32.5
2020-08-09,279,27.7,23.4,32.2
2020-08-09,281,26.9,21.7,32.1
2020-08-09,283,26.8,21.4,33
2020-08-09,284,26.5,22,31.9
2020-08-09,285,27.7,23.6,31.5
2020-08-09,288,27.7,24.2,31.7
2020-08-09,289,27.6,24.1,31.7
2020-08-09,294,26.5,24.2,28.4
2020-08-09,295,27.4,26,29.4
2020-08-09,90,22.9,20.6,28.6
2020-08-09,93,23.2,21.6,24.7
2020-08-09,95,23.3,21.1,25.3
2020-08-09,98,24,22.2,25.2
2020-08-09,99,23.9,22.5,24.5
2020-08-09,100,21.9,18.1,24.2
2020-08-09,101,23.7,22.1,25.4
2020-08-09,102,22.9,22.1,25.4
2020-08-09,104,22.9,20,27.6
2020-08-09,105,23.4,21.1,26.2
2020-08-09,106,21.1,19.4,23.7
2020-08-09,108,24.9,23.7,25.8
2020-08-09,112,24.6,23.9,25.5
2020-08-09,114,25.1,23,27.7
2020-08-09,115,23.4,21.5,24.6
2020-08-09,119,25.3,24.1,27.7
2020-08-09,121,23.7,21.3,27.1
2020-08-09,127,25.1,23.2,28.1
2020-08-09,129,25.1,24.4,26.2
2020-08-09,130,22.6,19.7,26.1
2020-08-09,131,26.5,24.1,28.7
2020-08-09,133,26.2,23.8,30.1
2020-08-09,135,25.5,22.2,31.3
2020-08-09,136,26.7,22.4,32.3
2020-08-09,137,26.1,22.8,31.8
2020-08-09,138,27.8,21.1,33.3
2020-08-09,140,26.5,24.5,30.5
2020-08-09,143,28.3,23.9,33.4
2020-08-09,146,27.4,23.9,32.4
2020-08-09,152,27.1,23,31.6
2020-08-09,155,27.3,25,30.9
2020-08-09,156,27.7,24.6,31.7
2020-08-09,159,25.8,23.9,28.5
2020-08-09,162,27.3,24.8,29.8
2020-08-09,165,28,26,30.7
2020-08-09,168,27.2,25.5,29.3
2020-08-09,169,24.7,22.5,28.3
2020-08-09,170,28.7,26,32.3
2020-08-09,172,28,26.1,31.2
2020-08-09,174,27.1,25.1,30.5
2020-08-09,177,26.3,24.8,28
2020-08-09,184,30.4,28,33.9
2020-08-09,185,27.9,26.4,30.4
2020-08-09,188,27.5,26,30
2020-08-09,189,27.5,25.8,30.1
2020-08-09,192,27.4,24.3,30.6
2020-08-09,201,24.8,23.6,26.1
2020-08-09,202,24,23,25.5
2020-08-09,203,24.6,23.4,26.6
2020-08-09,211,22.8,20.6,25.5
2020-08-09,212,23.7,21.2,26.6
2020-08-09,216,23.3,19.8,26.6
2020-08-09,217,22.7,20.1,25.8
2020-08-09,221,23.5,21.5,26.7
2020-08-09,226,25.2,22.2,30.7
2020-08-09,232,25.1,23.7,27.7
2020-08-09,235,26.1,24.8,27.8
2020-08-09,236,26.2,24.4,29.3
2020-08-09,238,27,23.3,32
2020-08-09,239,26.5,24,28.9
2020-08-09,243,27.3,25.1,31.6
2020-08-09,244,25.7,23.1,30.6
2020-08-09,245,27.8,24.6,31.7
2020-08-09,247,28.2,25.3,32
2020-08-10,248,24.4,23,26.8
2020-08-10,251,26.5,24.6,30
2020-08-10,252,27,24.7,30.3
2020-08-10,253,26.1,24,29.9
2020-08-10,254,25.5,24.2,29.3
2020-08-10,255,27.6,25.7,32.2
2020-08-10,257,26.6,24.3,31.7
2020-08-10,258,26.6,24.8,28.2
2020-08-10,259,26.8,24.6,29.1
2020-08-10,260,26.2,23.9,29
2020-08-10,261,27.3,25.6,30.1
2020-08-10,262,25.8,23.7,27.9
2020-08-10,263,26.3,25.2,29.2
2020-08-10,264,24.6,23,26.7
2020-08-10,266,25.5,24.9,26.4
2020-08-10,268,27.9,25.7,30.9
2020-08-10,271,23.4,21.8,25.8
2020-08-10,272,23.9,22.2,26.7
2020-08-10,273,24.5,23,27.3
2020-08-10,276,25.5,23.1,30
2020-08-10,277,25.9,22.5,29.7
2020-08-10,278,25.8,23.6,28.5
2020-08-10,279,25.2,23.4,27.6
2020-08-10,281,25.9,23.6,31.3
2020-08-10,283,26.9,24.8,31.5
2020-08-10,284,24.7,23.6,26.4
2020-08-10,285,25.3,24.4,28.1
2020-08-10,288,26.4,24.7,31.3
2020-08-10,289,25.1,24.1,26.4
2020-08-10,294,26.5,24.4,29.6
2020-08-10,295,26.2,25,28.8
2020-08-10,90,25,22.9,30.2
2020-08-10,93,25.5,23.1,29.8
2020-08-10,95,25.1,23.7,27.3
2020-08-10,98,25,23.3,26.9
2020-08-10,99,25.6,23.6,28
2020-08-10,100,23,21.5,25.3
2020-08-10,101,26.5,23.5,29.4
2020-08-10,102,22.9,21.9,23.7
2020-08-10,104,25.5,22.6,29.1
2020-08-10,105,25,22.7,29.4
2020-08-10,106,22.2,20.7,26.8
2020-08-10,108,26.5,24.7,29.5
2020-08-10,112,25.8,24.2,27.4
2020-08-10,114,25.3,23.5,28.8
2020-08-10,115,25.1,21.9,29.1
2020-08-10,119,26.6,24.9,30.5
2020-08-10,121,23.8,21.8,29.7
2020-08-10,127,25,22.5,28.6
2020-08-10,129,26.8,24.4,30.4
2020-08-10,130,23.6,20.9,27.1
2020-08-10,131,26.4,24.8,30.5
2020-08-10,133,26.2,24.5,29.7
2020-08-10,135,23.4,22.2,26.7
2020-08-10,136,24.9,23.5,27.2
2020-08-10,137,24.4,23.2,27.8
2020-08-10,138,28.3,25.1,32.3
2020-08-10,140,26.9,24.9,30.8
2020-08-10,143,26.1,24.2,30.6
2020-08-10,146,26.5,24.9,30.7
2020-08-10,152,26.7,23.9,29.2
2020-08-10,155,25.9,24.7,28.1
2020-08-10,156,25.8,24.3,28.3
2020-08-10,159,25.6,23.5,28.5
2020-08-10,162,26.4,24.2,27.8
2020-08-10,165,27.8,26.4,30.4
2020-08-10,168,25.5,24.8,27.1
2020-08-10,169,24.9,23.8,28.5
2020-08-10,170,26.8,24.8,28.3
2020-08-10,172,26.9,24.6,30.1
2020-08-10,174,25.9,24.7,27.4
2020-08-10,177,27,24.5,29.7
2020-08-10,184,29.4,26.6,32.3
2020-08-10,185,27.5,26.5,30
2020-08-10,188,26.7,24.4,29
2020-08-10,189,26.5,24.7,27.7
2020-08-10,192,25.8,24.7,28
2020-08-10,201,25.9,24,27.7
2020-08-10,202,25.7,23.1,28.2
2020-08-10,203,26,23.4,29.2
2020-08-10,211,25.7,23.4,29
2020-08-10,212,25.5,23.1,29.1
2020-08-10,216,22.4,21.4,25.7
2020-08-10,217,23.8,20.7,27.3
2020-08-10,221,24.1,20.9,28.5
2020-08-10,226,24.2,21.7,28.7
2020-08-10,232,25.6,23,29.2
2020-08-10,235,27.2,24.9,31.3
2020-08-10,236,26.5,23.7,30.6
2020-08-10,238,25.2,23.9,28.5
2020-08-10,239,26.2,24.8,29.3
2020-08-10,243,26.7,25.4,30.7
2020-08-10,244,24.4,23.2,26.7
2020-08-10,245,26.2,24.5,30.1
2020-08-10,247,25.3,24.2,27.3
2020-08-11,248,25.7,23.4,28.5
2020-08-11,251,27,25.2,29.2
2020-08-11,252,27,25.5,29.2
2020-08-11,253,26.7,24.4,32.1
2020-08-11,254,27.1,24.6,29.4
2020-08-11,255,27.9,26.1,32.4
2020-08-11,257,26.8,25,31.8
2020-08-11,258,27.4,25.9,30.2
2020-08-11,259,28.1,25.8,30.7
2020-08-11,260,27.2,26,30.2
2020-08-11,261,27.7,26.6,29.6
2020-08-11,262,27.3,24.9,29.6
2020-08-11,263,27.5,25.3,31.7
2020-08-11,264,25.6,22.5,30.6
2020-08-11,266,26.3,24.6,30.8
2020-08-11,268,27.9,26.7,29.1
2020-08-11,271,23.3,21.3,25.7
2020-08-11,272,23.7,22.3,26.8
2020-08-11,273,24.4,23.1,27.3
2020-08-11,276,25,21.9,31.6
2020-08-11,277,26,22.9,30.9
2020-08-11,278,25.4,22.8,30.7
2020-08-11,279,25.8,23.1,30
2020-08-11,281,27.7,23.7,31.5
2020-08-11,283,27.8,24.9,33.6
2020-08-11,284,25.5,22.6,29.5
2020-08-11,285,26.7,24.3,31.6
2020-08-11,288,27.4,25.1,32.5
2020-08-11,289,25.9,23.3,31.3
2020-08-11,294,26.4,24.5,29
2020-08-11,295,26.9,24.9,30
2020-08-11,90,25.6,21.2,31.2
2020-08-11,93,24.4,22.5,27.5
2020-08-11,95,24.4,22.7,27.5
2020-08-11,98,24.2,21.8,27.2
2020-08-11,99,23.6,21.7,27.5
2020-08-11,100,21.3,19.8,23.9
2020-08-11,101,25.1,23,27.4
2020-08-11,102,23.5,21.9,26.4
2020-08-11,104,24.4,21,30.3
2020-08-11,105,25.6,22.1,30.9
2020-08-11,106,22.4,20.4,27.6
2020-08-11,108,24.6,22.4,27.3
2020-08-11,112,23.8,21.8,24.9
2020-08-11,114,24.4,22.6,26.9
2020-08-11,115,24.5,22.2,27.8
2020-08-11,119,25.4,23.5,28.3
2020-08-11,121,23.7,22.3,26.3
2020-08-11,127,24.2,22.7,25.8
2020-08-11,129,24.4,23.1,26.9
2020-08-11,130,24.3,21,28.4
2020-08-11,131,25.5,24,26.8
2020-08-11,133,26,24.7,27.9
2020-08-11,135,24.8,22.2,28
2020-08-11,136,25.5,23.3,28.8
2020-08-11,137,24.9,23.3,28.2
2020-08-11,138,29,25.6,34.1
2020-08-11,140,25.7,23.5,28.4
2020-08-11,143,27.6,24.3,33.2
2020-08-11,146,26.7,24.9,30.6
2020-08-11,152,27.5,23.8,32.5
2020-08-11,155,26.8,24.9,31.4
2020-08-11,156,26.9,25.3,30
2020-08-11,159,26.2,23.5,29.8
2020-08-11,162,26.5,24,29.7
2020-08-11,165,27.9,26.2,29.9
2020-08-11,168,25.7,25,28.1
2020-08-11,169,24.9,23.2,26.5
2020-08-11,170,28.5,27.1,30.4
2020-08-11,172,27.2,25.2,29.3
2020-08-11,174,26.2,24.9,28.8
2020-08-11,177,24.7,23.6,26.6
2020-08-11,184,30.4,27.6,33.6
2020-08-11,185,27.7,26.7,30
2020-08-11,188,27.4,25.3,29.3
2020-08-11,189,26.9,25,27.6
2020-08-11,192,26.5,25.5,29.8
2020-08-11,201,23.5,21.9,25.8
2020-08-11,202,23.9,22.3,27.1
2020-08-11,203,24.6,23,28.3
2020-08-11,211,24.2,22.7,26.6
2020-08-11,212,24.3,21.8,27.8
2020-08-11,216,23.2,21.2,25.1
2020-08-11,217,23,20,26.6
2020-08-11,221,23.4,22.1,24.9
2020-08-11,226,24.4,23.2,27.3
2020-08-11,232,24.1,22.8,25.8
2020-08-11,235,24.8,22.9,26.5
2020-08-11,236,25.1,24.1,26.9
2020-08-11,238,25.3,23.7,28.4
2020-08-11,239,25.1,23.8,27.1
2020-08-11,243,26.9,25.3,29.1
2020-08-11,244,25.2,23.3,29.3
2020-08-11,245,26.6,25.7,29.2
2020-08-11,247,26.9,24.2,29.9
2020-08-12,248,25.9,23.1,28.5
2020-08-12,251,27.6,25.7,31.5
2020-08-12,252,28.1,26.1,31.7
2020-08-12,253,26.7,25,30.1
2020-08-12,254,27.4,25,31.9
2020-08-12,255,28.2,26.4,31.6
2020-08-12,257,26.9,25.4,30.1
2020-08-12,258,28.1,25.3,31.7
2020-08-12,259,28.1,26.5,31.5
2020-08-12,260,27.9,24.9,31.8
2020-08-12,261,28.5,27,31.6
2020-08-12,262,28.1,26.1,31.5
2020-08-12,263,27.6,25.2,31.7
2020-08-12,264,26.2,22.8,31.8
2020-08-12,266,28,25.8,31.9
2020-08-12,268,28.5,27.4,30.6
2020-08-12,271,24.2,20.5,28.4
2020-08-12,272,25.1,21.8,29.6
2020-08-12,273,25.4,23,29.7
2020-08-12,276,26.4,22.8,30.9
2020-08-12,277,27.4,24,31.7
2020-08-12,278,26.8,23.9,31.1
2020-08-12,279,27.3,23.6,31.8
2020-08-12,281,27.8,23.8,32.4
2020-08-12,283,27.9,23.8,31.7
2020-08-12,284,26.1,23.4,31.2
2020-08-12,285,26.7,23.3,30.7
2020-08-12,288,26.3,24.9,29.4
2020-08-12,289,26.7,23.9,30.5
2020-08-12,294,26.9,25.8,28.2
2020-08-12,295,27.5,25.7,31.3
2020-08-12,90,28.2,22.9,32.4
2020-08-12,93,26.5,21.9,31
2020-08-12,95,26.3,22.5,30.7
2020-08-12,98,26.4,22.2,31.2
2020-08-12,99,26.3,22.7,30.7
2020-08-12,100,23.8,19.7,27.6
2020-08-12,101,26.8,22.9,31
2020-08-12,102,24.2,22.5,27.5
2020-08-12,104,27.3,21.9,32.1
2020-08-12,105,30.4,25.2,34
2020-08-12,106,25.4,22,29.5
2020-08-12,108,27.2,23.5,31.3
2020-08-12,112,26.4,23.3,29.4
2020-08-12,114,26.3,22.9,30.5
2020-08-12,115,27,23.4,30.4
2020-08-12,119,27.2,23.4,30.9
2020-08-12,121,25.2,21.9,30.6
2020-08-12,127,25.1,22.5,29.7
2020-08-12,129,25.9,23.5,29
2020-08-12,130,27.7,24.6,32.8
2020-08-12,131,27.2,24.2,31.3
2020-08-12,133,27.3,24.8,29.6
2020-08-12,135,25.9,22.8,30.4
2020-08-12,136,26.2,23.6,30
2020-08-12,137,26.5,23.7,30.1
2020-08-12,138,29.9,26.8,33.3
2020-08-12,140,27.4,25.6,31
2020-08-12,143,28.7,24.7,33.7
2020-08-12,146,28.2,25.2,32.6
2020-08-12,152,26.9,24.3,31.3
2020-08-12,155,27,25,29.9
2020-08-12,156,27.6,25.6,31.2
2020-08-12,159,25.9,24.6,28.2
2020-08-12,162,27,25,28.5
2020-08-12,165,28.4,26.9,31.3
2020-08-12,168,26.6,25.5,28.5
2020-08-12,169,25.9,24.4,30.5
2020-08-12,170,29,27.3,31.6
2020-08-12,172,28.1,26.5,31.4
2020-08-12,174,26.8,24.7,30.6
2020-08-12,177,26.5,23.6,29.7
2020-08-12,184,31,28.2,34.5
2020-08-12,185,28.2,27.2,30.2
2020-08-12,188,28,26.1,31.4
2020-08-12,189,27.4,26.1,29.9
2020-08-12,192,27.8,25.6,30.9
2020-08-12,201,25.8,21.6,30.2
2020-08-12,202,25.8,22.4,30.6
2020-08-12,203,26.2,23.1,30.5
2020-08-12,211,25.5,21.8,30.7
2020-08-12,212,26.2,22.5,31.3
2020-08-12,216,25.1,21.9,28.9
2020-08-12,217,24.9,19.5,31.2
2020-08-12,221,24.8,21.6,30.5
2020-08-12,226,25.8,23.6,28.6
2020-08-12,232,25.5,22.6,29.1
2020-08-12,235,26.6,25,29.5
2020-08-12,236,26.6,24.6,31.3
2020-08-12,238,26.9,24.2,31.1
2020-08-12,239,26.7,24.1,30.2
2020-08-12,243,27.7,25.8,31.4
2020-08-12,244,25.5,23.8,29.8
2020-08-12,245,27.7,25.2,32
2020-08-12,247,26.7,23.6,31.1
2020-08-13,248,26.5,24,30.1
2020-08-13,251,28.7,25.7,32.2
2020-08-13,252,28.2,26.1,31.8
2020-08-13,253,28.2,24.7,32.8
2020-08-13,254,28.2,24.5,32.5
2020-08-13,255,29,25.8,33.2
2020-08-13,257,28.7,24.7,33.8
2020-08-13,258,28,24.8,31.5
2020-08-13,259,27.9,26.2,30.1
2020-08-13,260,27.4,25,30.4
2020-08-13,261,28,26.7,29.4
2020-08-13,262,27.5,24.6,31
2020-08-13,263,28.7,24.2,32.8
2020-08-13,264,27.4,22.4,33.9
2020-08-13,266,28.1,25.3,31.9
2020-08-13,268,27.9,27.2,29.2
2020-08-13,271,25.2,21.4,29.9
2020-08-13,272,26.7,22.7,31.7
2020-08-13,273,27,23.6,32.4
2020-08-13,276,27.5,23.9,33.9
2020-08-13,277,29,24.8,33.5
2020-08-13,278,28.4,25,33.9
2020-08-13,279,28.6,24.2,33.9
2020-08-13,281,29,25.7,33.2
2020-08-13,283,29.3,25,34.1
2020-08-13,284,27.2,22.7,33.3
2020-08-13,285,28.3,23.4,33
2020-08-13,288,28.6,24.3,33.6
2020-08-13,289,27.8,24.3,32.6
2020-08-13,294,27.2,25.1,29.3
2020-08-13,295,27.9,24.7,32.1
2020-08-13,90,28.9,24.8,34.9
2020-08-13,93,26.6,23.5,30.8
2020-08-13,95,27.2,24,30.1
2020-08-13,98,27.2,25.1,29.9
2020-08-13,99,26.4,24.7,29.4
2020-08-13,100,24.3,22,28.2
2020-08-13,101,27.2,24.4,30
2020-08-13,102,24.2,22.7,25.6
2020-08-13,104,29,23.6,34.2
2020-08-13,105,31,28.7,34.8
2020-08-13,106,27,23.4,32.3
2020-08-13,108,28,26.3,30.3
2020-08-13,112,27,26,29.3
2020-08-13,114,28.1,24.7,31.8
2020-08-13,115,28.4,26.5,31.3
2020-08-13,119,28.2,25.9,32.1
2020-08-13,121,26.7,23.7,30.9
2020-08-13,127,27.8,24.1,32.5
2020-08-13,129,27.2,25.4,29.8
2020-08-13,130,28.9,24.4,34.1
2020-08-13,131,29.4,25.7,33.2
2020-08-13,133,28.7,25.4,32.2
2020-08-13,135,27,22.1,32.2
2020-08-13,136,28.4,24.8,32.9
2020-08-13,137,28.5,23.8,33.5
2020-08-13,138,31.2,28,35.1
2020-08-13,140,28.7,25.7,32.5
2020-08-13,143,30.3,25.8,35.4
2020-08-13,146,29.1,25.3,33.7
2020-08-13,152,29.3,25.3,33.8
2020-08-13,155,27.9,24.5,32.5
2020-08-13,156,28.4,25.7,31.8
2020-08-13,159,27.6,24.4,31.2
2020-08-13,162,27.6,24.5,30.4
2020-08-13,165,28.1,26.6,30.6
2020-08-13,168,27.5,25.4,29.9
2020-08-13,169,26,24,29.4
2020-08-13,170,28.4,26.4,30.7
2020-08-13,172,28.7,26.3,31.9
2020-08-13,174,27.2,23.9,31
2020-08-13,177,28.2,25.5,31.5
2020-08-13,184,31.3,28.2,36.1
2020-08-13,185,28.2,27.3,30.1
2020-08-13,188,28.9,27,32.4
2020-08-13,189,27.5,26.8,29.8
2020-08-13,192,28,24.2,32.7
2020-08-13,201,26.7,25.1,28.7
2020-08-13,202,27,24.5,30.4
2020-08-13,203,28.1,24.7,32.3
2020-08-13,211,26.2,22.8,30.4
2020-08-13,212,27.2,24.1,30.7
2020-08-13,216,26,22.2,29.5
2020-08-13,217,25.6,21.2,29.4
2020-08-13,221,26.6,23.1,30.6
2020-08-13,226,26.6,23.6,31.3
2020-08-13,232,27.6,23.7,31.8
2020-08-13,235,27.8,26.3,30.5
2020-08-13,236,28.2,24.9,32.2
2020-08-13,238,27.7,23,32.2
2020-08-13,239,28.2,24.8,32
2020-08-13,243,28.7,25.4,32.2
2020-08-13,244,27.1,24.2,31.1
2020-08-13,245,28.6,25.5,32.7
2020-08-13,247,28.1,23.9,32.8
2020-08-14,248,27.1,24.2,30
2020-08-14,251,28.3,26.1,32.7
2020-08-14,252,28.5,26.3,32.8
2020-08-14,253,28.8,26,32.5
2020-08-14,254,28.9,26.3,32.7
2020-08-14,255,29.6,27.1,33.4
2020-08-14,257,29.3,27,32.9
2020-08-14,258,28.9,24.9,33
2020-08-14,259,28.4,25.6,32.6
2020-08-14,260,28.4,24.9,33.3
2020-08-14,261,28.2,26.7,32.3
2020-08-14,262,28.1,24.7,31.8
2020-08-14,263,29.8,26.3,34.3
2020-08-14,264,27.9,22.4,33.6
2020-08-14,266,28.6,25.4,33
2020-08-14,268,28.6,26.7,32.8
2020-08-14,271,26.4,22.8,30.2
2020-08-14,272,27.4,22.9,31.9
2020-08-14,273,27.5,23.4,32.6
2020-08-14,276,27.5,22.4,33.1
2020-08-14,277,29.3,24.7,33.3
2020-08-14,278,28.2,23.5,33.9
2020-08-14,279,28.8,24.3,33.7
2020-08-14,281,29.5,24.5,34.2
2020-08-14,283,29.9,24.7,35.4
2020-08-14,284,28,22.6,33.6
2020-08-14,285,28.8,23.6,33.6
2020-08-14,288,29.1,25.4,33.8
2020-08-14,289,28.1,23.4,34.1
2020-08-14,294,27.4,26.4,29.8
2020-08-14,295,28.6,26.1,32.1
2020-08-14,90,31,29.1,32.9
2020-08-14,93,27.3,25.5,30.3
2020-08-14,95,26.1,24.9,27.6
2020-08-14,98,26,24.8,27.1
2020-08-14,99,25.6,24.6,26.9
2020-08-14,100,24.3,23.3,25.7
2020-08-14,101,28.1,26.1,30.3
2020-08-14,102,25.5,23.8,28.6
2020-08-14,104,30.2,28.3,33.4
2020-08-14,105,31.4,29.4,33.9
2020-08-14,106,29.7,25.8,32.9
2020-08-14,108,27.1,26.5,28
2020-08-14,112,25.9,25.3,26.7
2020-08-14,114,27.8,26.4,31
2020-08-14,115,28.3,26.8,30.4
2020-08-14,119,27.7,26.3,29.9
2020-08-14,121,27.5,24.8,30.7
2020-08-14,127,28.4,25.2,32.4
2020-08-14,129,26.4,25.5,28.2
2020-08-14,130,30.1,25.4,35
2020-08-14,131,29.2,26.7,32.6
2020-08-14,133,28.5,25.7,31.2
2020-08-14,135,27.2,22.1,31.5
2020-08-14,136,28.7,25.2,33
2020-08-14,137,28.7,24.2,32.8
2020-08-14,138,31.6,27.7,36
2020-08-14,140,27.8,25.6,30.8
2020-08-14,143,31.2,25.6,35.6
2020-08-14,146,29.1,26.4,32.3
2020-08-14,152,29.9,26.8,33.9
2020-08-14,155,28.7,26.3,32.4
2020-08-14,156,28.9,26.5,32.7
2020-08-14,159,27.9,26.2,30.2
2020-08-14,162,27.9,26.2,30.4
2020-08-14,165,28.7,26.2,32.3
2020-08-14,168,27.6,25.9,30
2020-08-14,169,27.5,24.7,33.1
2020-08-14,170,28.6,26.4,31.8
2020-08-14,172,28.5,26.4,32.4
2020-08-14,174,28.2,24.1,33.7
2020-08-14,177,27.7,26.5,30.1
2020-08-14,184,32.2,27.6,36.3
2020-08-14,185,28.3,27.2,30.3
2020-08-14,188,29.1,26.9,32.8
2020-08-14,189,27.8,26.6,29.8
2020-08-14,192,28.7,26.1,32.2
2020-08-14,201,25.3,24.4,26.5
2020-08-14,202,27.4,25.8,30.8
2020-08-14,203,28,25.9,31.7
2020-08-14,211,27.5,26.3,29.3
2020-08-14,212,27.8,26.1,30.7
2020-08-14,216,26.6,24.5,28.8
2020-08-14,217,26.6,24.6,28.9
2020-08-14,221,27.1,24.4,30.3
2020-08-14,226,27.1,23.1,31
2020-08-14,232,28,25.7,31.8
2020-08-14,235,27.2,26.2,29.2
2020-08-14,236,27.8,25.7,31.5
2020-08-14,238,28.5,23.8,32
2020-08-14,239,28.2,26.4,31.5
2020-08-14,243,28.4,25.7,32.1
2020-08-14,244,27.1,24.1,31.3
2020-08-14,245,28.7,26.4,32.4
2020-08-14,247,28.8,24.7,32.9
2020-08-15,248,26.2,21.8,30.9
2020-08-15,251,28.5,23.3,33.1
2020-08-15,252,28.5,25.6,32.7
2020-08-15,253,29.2,25.6,34.2
2020-08-15,254,28.2,23.6,33.7
2020-08-15,255,30,26.5,35.1
2020-08-15,257,29.6,25.9,34.4
2020-08-15,258,28.7,24.9,34.1
2020-08-15,259,28.5,24.3,33.4
2020-08-15,260,28,23,33.7
2020-08-15,261,28.1,23.7,32.3
2020-08-15,262,27.9,23.5,33.3
2020-08-15,263,29.4,25,34.9
2020-08-15,264,28,23.2,33.9
2020-08-15,266,29,25.3,34
2020-08-15,268,28.6,26.3,32.2
2020-08-15,271,24.8,22.3,29.2
2020-08-15,272,26.3,23,31.7
2020-08-15,273,27.9,24.2,32.9
2020-08-15,276,27.2,23.5,33.4
2020-08-15,277,28.9,26,33.7
2020-08-15,278,28.7,24.2,34.6
2020-08-15,279,29.6,24.7,34.6
2020-08-15,281,29.8,25.6,34.9
2020-08-15,283,30.5,25.5,35.8
2020-08-15,284,27.9,23.2,33.9
2020-08-15,285,29.6,25.5,35.2
2020-08-15,288,29.8,24.6,35
2020-08-15,289,28.6,24,34.9
2020-08-15,294,27.7,25.8,31.2
2020-08-15,295,28.3,24.7,33.8
2020-08-15,90,29.7,25,33.3
2020-08-15,93,26.1,24.5,28
2020-08-15,95,25.7,24.6,27.4
2020-08-15,98,25.3,24.7,26.6
2020-08-15,99,25.3,24.5,26.8
2020-08-15,100,22.4,21.5,24.1
2020-08-15,101,26.6,25.5,28.1
2020-08-15,102,24.5,23.8,26.3
2020-08-15,104,25.7,24,29.9
2020-08-15,105,27.9,25.4,30.7
2020-08-15,106,25.5,23.8,30.1
2020-08-15,108,26.1,25,27
2020-08-15,112,25.2,24.4,26.1
2020-08-15,114,25.8,24.1,27.2
2020-08-15,115,28.5,27.1,31
2020-08-15,119,26.7,25.1,29.3
2020-08-15,121,25.8,24.4,28
2020-08-15,127,26.8,24.4,30.5
2020-08-15,129,26,24.8,27.6
2020-08-15,130,28.4,25.8,30
2020-08-15,131,29.3,26.8,33.4
2020-08-15,133,29.2,26.3,32.6
2020-08-15,135,27.9,23.5,32.2
2020-08-15,136,28.1,24.6,33.2
2020-08-15,137,29.5,25.5,33.5
2020-08-15,138,31.6,27.3,36.6
2020-08-15,140,27.6,25,31.3
2020-08-15,143,31.4,27.1,36.1
2020-08-15,146,29,26,33.5
2020-08-15,152,30.5,26.3,35.5
2020-08-15,155,28.8,25.5,33.7
2020-08-15,156,28.6,25.7,32.9
2020-08-15,159,28.1,24.7,31.5
2020-08-15,162,27.9,25.9,32.3
2020-08-15,165,28.6,26.4,31.6
2020-08-15,168,27.9,25.8,31.1
2020-08-15,169,27.3,24.9,30.6
2020-08-15,170,28.2,24.4,31.9
2020-08-15,172,28.4,24.1,32.9
2020-08-15,174,27.6,22.2,34.2
2020-08-15,177,27.4,26.1,29.9
2020-08-15,184,31.1,27.8,36.3
2020-08-15,185,28.3,26.9,30.6
2020-08-15,188,29.1,26.2,32.8
2020-08-15,189,27.8,26.1,30.2
2020-08-15,192,29.2,25.3,34.5
2020-08-15,201,24.8,24.1,25.8
2020-08-15,202,25.6,24.1,26.7
2020-08-15,203,26.1,24.7,29.5
2020-08-15,211,25.8,24.3,27.3
2020-08-15,212,25.3,24.3,26.9
2020-08-15,216,24.7,22.9,28.1
2020-08-15,217,24.5,22,26.9
2020-08-15,221,25.4,23.6,26.8
2020-08-15,226,27.1,23.7,31.8
2020-08-15,232,27.8,25.1,31
2020-08-15,235,27.2,25.7,29.8
2020-08-15,236,27.6,24.8,31.3
2020-08-15,238,28.9,24.9,32.5
2020-08-15,239,28.3,25.5,32.3
2020-08-15,243,28.5,25.4,32.9
2020-08-15,244,26.5,22.2,31.9
2020-08-15,245,28.8,25.5,33.1
2020-08-15,247,28.1,23.8,33.9
2020-08-16,248,25.2,18.7,31.2
2020-08-16,251,28.2,24.1,33.6
2020-08-16,252,28.4,25.2,32.9
2020-08-16,253,28.9,24.2,34.3
2020-08-16,254,27.4,22.2,33.7
2020-08-16,255,29.7,25,34.7
2020-08-16,257,29.2,24.5,35.1
2020-08-16,258,27.9,23.3,33
2020-08-16,259,27.7,23.1,32.9
2020-08-16,260,26.9,22,33.1
2020-08-16,261,27.3,23.2,31.9
2020-08-16,262,26.8,21.8,32.4
2020-08-16,263,29.2,23.9,34.7
2020-08-16,264,27.2,21.1,33.5
2020-08-16,266,28.5,24,33.6
2020-08-16,268,28.3,25.7,31.8
2020-08-16,271,24.1,21.1,29.3
2020-08-16,272,26.1,22.6,30.9
2020-08-16,273,26.7,21.9,32.9
2020-08-16,276,26.4,22.3,33.1
2020-08-16,277,28.6,24.5,33.9
2020-08-16,278,27.9,23.7,34.2
2020-08-16,279,28.5,23.7,34.3
2020-08-16,281,28.6,23.8,34.7
2020-08-16,283,29.5,24.2,36.2
2020-08-16,284,26.6,21.3,33.9
2020-08-16,285,28.6,23.2,35
2020-08-16,288,29,23.6,34.8
2020-08-16,289,27.6,22,34.2
2020-08-16,294,27.8,23.8,31.5
2020-08-16,295,28,22.8,33.5
2020-08-16,90,28.9,25,32
2020-08-16,93,26.9,24.2,31.1
2020-08-16,95,26.6,24.4,29.7
2020-08-16,98,26.4,24.6,30.3
2020-08-16,99,26.3,24.3,30.1
2020-08-16,100,23.3,21.7,25.5
2020-08-16,101,27.5,24.9,31
2020-08-16,102,24.8,23.9,25.6
2020-08-16,104,28.5,26.1,30.2
2020-08-16,105,30,27.2,33.2
2020-08-16,106,27.5,23.5,31.4
2020-08-16,108,27.4,25.3,30.8
2020-08-16,112,26.2,24.8,28.6
2020-08-16,114,27.2,23.6,31.6
2020-08-16,115,28.6,26.6,32
2020-08-16,119,27.5,24.7,31.6
2020-08-16,121,26.2,23.5,30.3
2020-08-16,127,27.3,23.1,32.5
2020-08-16,129,26.9,24.6,30.5
2020-08-16,130,29.3,26.7,33.5
2020-08-16,131,28.8,25.5,33.7
2020-08-16,133,28.7,24.9,33.3
2020-08-16,135,26.7,21.4,32.3
2020-08-16,136,27.5,23.3,32.8
2020-08-16,137,28.2,23.3,33.5
2020-08-16,138,31.7,27.9,36.4
2020-08-16,140,27.7,23.6,32.1
2020-08-16,143,30.4,25.9,35.9
2020-08-16,146,28.7,24.3,33.6
2020-08-16,152,30,25.6,34.7
2020-08-16,155,28.4,23.6,33.8
2020-08-16,156,28.3,24.3,33
2020-08-16,159,28.2,25.5,31.3
2020-08-16,162,28,24.8,32.2
2020-08-16,165,28.5,25.6,31.6
2020-08-16,168,28,25.2,30.8
2020-08-16,169,26.8,25.7,29.7
2020-08-16,170,27.9,24,32.5
2020-08-16,172,28.4,24.9,32.8
2020-08-16,174,26.9,20.6,34.1
2020-08-16,177,27.7,25.8,30.7
2020-08-16,184,29.9,27.5,32.7
2020-08-16,185,28.5,26.6,31.5
2020-08-16,188,28.5,25.9,32.1
2020-08-16,189,28.1,26.4,29.9
2020-08-16,192,28.4,23.2,33.3
2020-08-16,201,26,24.9,27.6
2020-08-16,202,26.9,23.8,32
2020-08-16,203,27.4,23.9,32.8
2020-08-16,211,26.7,23.9,30.3
2020-08-16,212,26.8,23.6,31.6
2020-08-16,216,24.9,22.6,28
2020-08-16,217,25.1,21.4,30.5
2020-08-16,221,25.9,22.6,30.5
2020-08-16,226,25.9,22.1,31.8
2020-08-16,232,26.8,23.2,31.8
2020-08-16,235,27.4,25.4,30.6
2020-08-16,236,27.3,22.8,32.4
2020-08-16,238,27.1,21.6,32.9
2020-08-16,239,27.6,23.9,32.3
2020-08-16,243,27.9,23.7,33
2020-08-16,244,25.9,20.5,32
2020-08-16,245,28.1,24.1,33.6
2020-08-16,247,27.9,21.6,33.9
2020-08-17,248,25.3,21.3,31.5
2020-08-17,251,28,23.8,33.5
2020-08-17,252,27.9,24.6,32.5
2020-08-17,253,29,25.1,35.3
2020-08-17,254,27.8,23.8,34.2
2020-08-17,255,30.2,25.4,35.6
2020-08-17,257,29.8,25.4,36.4
2020-08-17,258,28.3,23.7,34
2020-08-17,259,28.2,23.4,34
2020-08-17,260,27.6,22.9,33.4
2020-08-17,261,27.6,23,32.8
2020-08-17,262,27.6,22.6,33.3
2020-08-17,263,28.9,23.8,35
2020-08-17,264,27.9,22.3,35.2
2020-08-17,266,29.1,24.4,34.7
2020-08-17,268,27.7,23.8,32.9
2020-08-17,271,25,19.9,30.6
2020-08-17,272,27.3,22,32.6
2020-08-17,273,26.9,22.6,31.7
2020-08-17,276,25.3,20.9,31.6
2020-08-17,277,27.8,23.7,32.1
2020-08-17,278,26.4,22,32.2
2020-08-17,279,28,23.7,33.3
2020-08-17,281,27.7,23.2,33.1
2020-08-17,283,28.4,23.9,34.5
2020-08-17,284,27.1,21.9,34.6
2020-08-17,285,28,23.2,34
2020-08-17,288,28.9,24.5,34.9
2020-08-17,289,28,22.3,34.9
2020-08-17,294,28.3,24,33.8
2020-08-17,295,27.8,23.5,33.5
2020-08-17,90,29.3,25.3,33.1
2020-08-17,93,26.7,23.8,30.6
2020-08-17,95,26.2,23.5,28.9
2020-08-17,98,26.5,23.7,30.7
2020-08-17,99,26.1,22.6,30.6
2020-08-17,100,23.9,20.2,29.6
2020-08-17,101,27.2,24.8,30.2
2020-08-17,102,24.7,23.6,26.9
2020-08-17,104,28.3,24.2,32.9
2020-08-17,105,30.5,27.7,34.8
2020-08-17,106,26.7,23.3,32.3
2020-08-17,108,28.2,26.1,32.2
2020-08-17,112,26.8,25,29.5
2020-08-17,114,27.4,24.7,31.4
2020-08-17,115,27.7,24.9,30.4
2020-08-17,119,28.1,25.1,32.8
2020-08-17,121,26,22.2,32.3
2020-08-17,127,27.1,22.7,32.5
2020-08-17,129,27.4,23.5,31.9
2020-08-17,130,26.9,24.3,32.3
2020-08-17,131,29.4,26,33.9
2020-08-17,133,28.6,25,33.6
2020-08-17,135,25.8,22.3,30.9
2020-08-17,136,27.3,22.8,32
2020-08-17,137,27.9,23.6,32.3
2020-08-17,138,29.6,26.8,34.4
2020-08-17,140,27.2,24.7,31.2
2020-08-17,143,29.6,25.3,34.2
2020-08-17,146,28.3,25.1,33.8
2020-08-17,152,28.3,25,34.4
2020-08-17,155,29.1,24.8,35
2020-08-17,156,28.6,25.3,33.9
2020-08-17,159,28.4,26,33.1
2020-08-17,162,28.1,24.9,32.7
2020-08-17,165,28.3,25.9,31.4
2020-08-17,168,28.6,25.9,32.6
2020-08-17,169,27.3,25.6,31.4
2020-08-17,170,28,24.4,33.2
2020-08-17,172,27.4,24,32.9
2020-08-17,174,27.3,22.7,33.7
2020-08-17,177,27.9,23.5,32.4
2020-08-17,184,29.4,27,32.3
2020-08-17,185,28.5,25.6,32.7
2020-08-17,188,27.7,24.3,30.9
2020-08-17,189,27.8,25.7,30.4
2020-08-17,192,28.3,24.5,34.8
2020-08-17,201,25.9,22.7,29.4
2020-08-17,202,27.1,24,31.4
2020-08-17,203,27.7,23.9,32.8
2020-08-17,211,26.7,23.5,29.9
2020-08-17,212,27,23.7,31.2
2020-08-17,216,25.3,20.8,32
2020-08-17,217,26.1,20.6,32.9
2020-08-17,221,25.8,21.4,31.3
2020-08-17,226,26.2,21.5,31.5
2020-08-17,232,26.5,22,32
2020-08-17,235,27.3,24.3,30.8
2020-08-17,236,27.3,23.9,33
2020-08-17,238,26.8,22.3,32.4
2020-08-17,239,27.8,24,33.1
2020-08-17,243,27.5,24.3,31.8
2020-08-17,244,26.2,22.4,31.5
2020-08-17,245,27.5,23.4,33.2
2020-08-17,247,27.9,23.9,33.7
2020-08-18,248,25.5,21.3,32
2020-08-18,251,27.2,22.7,33.7
2020-08-18,252,27,23.1,32.8
2020-08-18,253,29.6,24.6,34.9
2020-08-18,254,28.2,24.1,34.8
2020-08-18,255,30.2,25.6,35.5
2020-08-18,257,29.3,24.3,36
2020-08-18,258,28.8,25.2,34.3
2020-08-18,259,28.2,24,34.3
2020-08-18,260,27.9,23.1,33.9
2020-08-18,261,27.4,23,33.8
2020-08-18,262,27.5,22.8,34.1
2020-08-18,263,,23.5,31.6
2020-08-18,264,27.7,22.2,35.6
2020-08-18,266,29.2,24.6,34.9
2020-08-18,268,26.7,22.3,32.8
2020-08-18,271,24.7,20,31.3
2020-08-18,272,25.9,20.6,32.4
2020-08-18,273,27.2,22,32.7
2020-08-18,276,26.3,21.6,33.4
2020-08-18,277,27.7,23.2,34
2020-08-18,278,27,22.1,33.8
2020-08-18,279,28.3,23.7,33.9
2020-08-18,281,27.7,21.6,34.2
2020-08-18,283,28.5,22.9,35.6
2020-08-18,284,27.4,22.6,35.2
2020-08-18,285,28.4,23.6,34.4
2020-08-18,288,28.8,23.9,35
2020-08-18,289,28.1,23.3,34.8
2020-08-18,294,28,23.7,34.1
2020-08-18,295,27.9,24.4,33.6
2020-08-18,90,28.6,24.3,33
2020-08-18,93,27.1,23.2,32.2
2020-08-18,95,25.4,21.6,30.7
2020-08-18,98,25.8,22.2,30.8
2020-08-18,99,24.9,21,30.2
2020-08-18,100,23.9,18.2,29.7
2020-08-18,101,27.7,24.4,32.5
2020-08-18,102,24.6,23.8,26.1
2020-08-18,104,28.3,23.4,33
2020-08-18,105,31.2,26.7,35.7
2020-08-18,106,26.9,22.8,31
2020-08-18,108,27.5,24,31.9
2020-08-18,112,26.1,24,29.2
2020-08-18,114,27,23.6,31.7
2020-08-18,115,26.2,23.7,30.4
2020-08-18,119,26.9,23.1,32.2
2020-08-18,121,26.3,22.8,31.8
2020-08-18,127,26.8,23,32.1
2020-08-18,129,27,23.6,32.4
2020-08-18,130,26.2,22.6,30.7
2020-08-18,131,29.3,25.7,33.8
2020-08-18,133,29.1,25.4,33.6
2020-08-18,135,26.1,21.6,31.8
2020-08-18,136,27.5,23.3,33.5
2020-08-18,137,28,23.1,33.7
2020-08-18,138,30.4,26.1,35.7
2020-08-18,140,27.2,24.2,32.2
2020-08-18,143,30,24.8,35.9
2020-08-18,146,28.5,25.1,33.4
2020-08-18,152,28.1,23.8,34.1
2020-08-18,155,29.5,25.4,35.6
2020-08-18,156,28.6,25,34.2
2020-08-18,159,28.7,26.1,31.6
2020-08-18,162,27.7,24.8,32.4
2020-08-18,165,27.5,24.7,31.5
2020-08-18,168,28.6,26.3,32.5
2020-08-18,169,26.5,24.7,30.5
2020-08-18,170,28.3,24,34
2020-08-18,172,27,23.2,33
2020-08-18,174,27.6,22.4,34.6
2020-08-18,177,26.9,23.1,32.5
2020-08-18,184,29,26.8,30.8
2020-08-18,185,28.3,25.8,31.6
2020-08-18,188,28,23.7,32.1
2020-08-18,189,27.4,25.3,30.3
2020-08-18,192,28.5,23.5,35
2020-08-18,201,24.9,21.5,29.8
2020-08-18,202,26.8,23.4,32.1
2020-08-18,203,27.3,23.7,32.7
2020-08-18,211,26.4,22.6,32.1
2020-08-18,212,27.1,23.7,32.4
2020-08-18,216,24.6,18.5,32.4
2020-08-18,217,26.2,22.1,33.3
2020-08-18,221,25,21.3,31.2
2020-08-18,226,26.2,22,32.1
2020-08-18,232,26.3,22.4,31.7
2020-08-18,235,26.4,23,31.5
2020-08-18,236,26.8,22.7,33.2
2020-08-18,238,27.1,22.7,33
2020-08-18,239,27.6,23.4,33.2
2020-08-18,243,27.4,24,32.4
2020-08-18,244,26.8,22.6,32.3
2020-08-18,245,27.2,23.3,32.9
2020-08-18,247,27.8,23.6,34.2
2020-08-19,248,25.3,20.5,32.7
2020-08-19,251,26.7,21.2,33.6
2020-08-19,252,26.5,21.2,32.7
2020-08-19,253,29.3,25.1,35.5
2020-08-19,254,27.9,22.5,34.8
2020-08-19,255,30.7,25.8,36.8
2020-08-19,257,29.4,24.7,36.6
2020-08-19,258,29.1,24,35.1
2020-08-19,259,27.5,21.7,34
2020-08-19,260,27.4,21.3,34.4
2020-08-19,261,26.8,21.8,33.6
2020-08-19,262,27.2,21.6,33.8
2020-08-19,263,,,
2020-08-19,264,28.1,22,36.1
2020-08-19,266,29.3,24.5,35.7
2020-08-19,268,26.4,21.3,32.7
2020-08-19,271,24.5,19.6,31.7
2020-08-19,272,26.2,20.1,32.9
2020-08-19,273,27.4,22.2,33.2
2020-08-19,276,26.5,20.8,34.4
2020-08-19,277,28.5,23.5,35.4
2020-08-19,278,27.4,22.1,34.6
2020-08-19,279,28.6,23.4,34.7
2020-08-19,281,28.7,22.5,35.6
2020-08-19,283,28.9,22.5,36.9
2020-08-19,284,27,20.8,36.2
2020-08-19,285,28.2,23.3,35.6
2020-08-19,288,29.4,23.6,35.9
2020-08-19,289,28,21.2,36.2
2020-08-19,294,28.2,24,34.5
2020-08-19,295,28.1,23.5,34.5
2020-08-19,90,29.5,23.3,35.1
2020-08-19,93,26.4,22.2,32.6
2020-08-19,95,24.9,20.4,30.3
2020-08-19,98,25.6,21.3,30.7
2020-08-19,99,25.1,20.7,30.3
2020-08-19,100,23.9,19,29.5
2020-08-19,101,27,23.3,32.5
2020-08-19,102,24.6,23.1,25.8
2020-08-19,104,28.5,22.5,34
2020-08-19,105,31.6,27.4,36
2020-08-19,106,26.3,23.1,30.2
2020-08-19,108,27.1,23.6,31.4
2020-08-19,112,26.1,23.6,29.2
2020-08-19,114,27.1,23,31.7
2020-08-19,115,26.3,23.9,29.1
2020-08-19,119,26.7,22.8,32.1
2020-08-19,121,25.7,22.2,31.8
2020-08-19,127,26.9,22.7,32.4
2020-08-19,129,26.5,22.3,31.6
2020-08-19,130,27,21.4,33
2020-08-19,131,28.8,24.7,34
2020-08-19,133,28.9,25.3,34.2
2020-08-19,135,26.9,22,32.2
2020-08-19,136,27.3,21.8,34
2020-08-19,137,28.3,23.7,33.5
2020-08-19,138,31.4,26.8,36.9
2020-08-19,140,26.5,22.4,31.3
2020-08-19,143,30.5,24.8,36
2020-08-19,146,27.9,23.5,33
2020-08-19,152,29.5,23.8,34.9
2020-08-19,155,29.3,25,35.7
2020-08-19,156,28.2,23.4,34.4
2020-08-19,159,29.1,26.3,33.2
2020-08-19,162,28,24.7,32.9
2020-08-19,165,27.2,24.3,31.3
2020-08-19,168,28.7,26,32.5
2020-08-19,169,25.8,23.9,30.3
2020-08-19,170,27.7,23.3,33.9
2020-08-19,172,26.3,21,33.1
2020-08-19,174,28.3,23.9,35.6
2020-08-19,177,26.6,21.7,32.5
2020-08-19,184,28.3,26,31.2
2020-08-19,185,28.2,25.5,31.5
2020-08-19,188,28,23,33.8
2020-08-19,189,27.3,23.8,30.3
2020-08-19,192,28.3,23,35.2
2020-08-19,201,25.2,20.9,29.1
2020-08-19,202,25.9,21.5,32.4
2020-08-19,203,26.7,21.5,33
2020-08-19,211,26,22.2,31.2
2020-08-19,212,26.5,22.2,32.2
2020-08-19,216,25.7,18.7,32.8
2020-08-19,217,25.8,21.7,33.1
2020-08-19,221,25.2,20.6,31.8
2020-08-19,226,26.2,21.3,32.5
2020-08-19,232,26.3,21.3,32.5
2020-08-19,235,25.9,22,30.7
2020-08-19,236,26.3,21.9,33.1
2020-08-19,238,26.8,22,33.5
2020-08-19,239,27.5,23.4,33.2
2020-08-19,243,26.8,22.4,32
2020-08-19,244,25.9,20.5,32.7
2020-08-19,245,26.8,21.8,32.9
2020-08-19,247,28,22.4,34.7
2020-08-20,248,24.8,19.1,33.2
2020-08-20,251,26.7,21.8,33.6
2020-08-20,252,26.4,22.7,32.4
2020-08-20,253,29.1,25.2,35.8
2020-08-20,254,27.4,21.7,34.8
2020-08-20,255,30.2,25.7,36.9
2020-08-20,257,30.2,25.2,37.8
2020-08-20,258,28.2,23.3,34.3
2020-08-20,259,27.5,22.2,34.1
2020-08-20,260,27,21.1,34.2
2020-08-20,261,26.6,21.7,33.4
2020-08-20,262,26.9,21.6,34.2
2020-08-20,263,,,
2020-08-20,264,27.2,20.2,36.3
2020-08-20,266,29.3,24,35.5
2020-08-20,268,25.8,22.3,31.9
2020-08-20,271,25,18.9,31.6
2020-08-20,272,26,20.2,32.8
2020-08-20,273,27.1,22.4,33.2
2020-08-20,276,26.2,20.9,34.9
2020-08-20,277,26.5,23.1,31.7
2020-08-20,278,27.3,21.6,35.1
2020-08-20,279,28.5,23.3,34.9
2020-08-20,281,27.4,21.7,34.4
2020-08-20,283,28.1,22.7,35.6
2020-08-20,284,26.6,19.3,35
2020-08-20,285,28.3,21.9,34.8
2020-08-20,288,29.2,23.6,36.2
2020-08-20,289,27.6,20.4,35.2
2020-08-20,294,28.6,24.1,34.5
2020-08-20,295,27.7,23.4,34.6
2020-08-20,90,24.4,21.6,29.7
2020-08-20,93,26.9,21.7,32.8
2020-08-20,95,25.8,22,30.8
2020-08-20,98,26.1,22.5,30.8
2020-08-20,99,25.8,22.7,30.3
2020-08-20,100,21.5,18.3,29.1
2020-08-20,101,27.6,22.9,32.8
2020-08-20,102,23.6,21.8,26.2
2020-08-20,104,24.3,21.5,28.1
2020-08-20,105,26.8,22.8,30.7
2020-08-20,106,24.1,21.6,26.9
2020-08-20,108,27.7,25,31.7
2020-08-20,112,26.6,24.5,29.7
2020-08-20,114,27.3,23.1,32.2
2020-08-20,115,26.6,22.4,30.5
2020-08-20,119,27.4,23.3,33
2020-08-20,121,26.4,22,32.6
2020-08-20,127,27.2,22.3,33
2020-08-20,129,26.7,23.4,32.6
2020-08-20,130,25.5,22.4,30
2020-08-20,131,29,24.7,33.9
2020-08-20,133,29.1,24.8,34.6
2020-08-20,135,26.6,22.5,32.9
2020-08-20,136,27.4,21.7,34.9
2020-08-20,137,28.2,23,33.9
2020-08-20,138,27.8,25.4,33
2020-08-20,140,26.7,23.4,31.9
2020-08-20,143,29.6,24.4,36.3
2020-08-20,146,27.8,23.1,33.9
2020-08-20,152,27.9,24,34.2
2020-08-20,155,28.9,24.9,35.8
2020-08-20,156,28.2,23.8,34
2020-08-20,159,29.4,26.5,33.2
2020-08-20,162,27.5,24.7,33.9
2020-08-20,165,27,24,31.1
2020-08-20,168,28.5,25.2,32.4
2020-08-20,169,25.8,23.5,29.3
2020-08-20,170,27.4,22.9,33.6
2020-08-20,172,26.5,22.1,33.5
2020-08-20,174,27.2,22.1,35.2
2020-08-20,177,26.9,23.1,33.1
2020-08-20,184,28.2,26,31.3
2020-08-20,185,27.7,25.6,31.3
2020-08-20,188,27.3,22.3,31.5
2020-08-20,189,27.6,24.3,30.9
2020-08-20,192,28.4,22.6,35.7
2020-08-20,201,25.8,23.7,29.5
2020-08-20,202,26.5,22.1,31.6
2020-08-20,203,26.7,21.6,32.4
2020-08-20,211,25.7,22.2,32.1
2020-08-20,212,26.8,22.5,32.3
2020-08-20,216,23.3,17,31.7
2020-08-20,217,26.1,20.9,33
2020-08-20,221,25.5,20.2,32.5
2020-08-20,226,26.4,21.2,32.5
2020-08-20,232,26.6,21.9,32
2020-08-20,235,26.2,22.4,30.7
2020-08-20,236,27,22.7,33.3
2020-08-20,238,27,22.6,33.3
2020-08-20,239,27.9,23.2,33.3
2020-08-20,243,26.7,22.6,32.3
2020-08-20,244,26.1,20.4,32.6
2020-08-20,245,26.8,22,33.6
2020-08-20,247,27.5,21.9,34.7
2020-08-21,248,25.2,20.1,31.1
2020-08-21,251,26.7,21.1,33.5
2020-08-21,252,26.7,22.2,32.6
2020-08-21,253,27.4,23,34.1
2020-08-21,254,27.3,23,33.7
2020-08-21,255,27.9,24.6,33.7
2020-08-21,257,27.9,23.4,33.9
2020-08-21,258,27.6,23.8,32.2
2020-08-21,259,27,22,32.6
2020-08-21,260,26.1,21.3,31.9
2020-08-21,261,26.5,20.3,34.2
2020-08-21,262,26.5,22.7,31.5
2020-08-21,263,27.8,23.3,33.9
2020-08-21,264,26.6,21,34
2020-08-21,266,27.2,24.5,32.1
2020-08-21,268,26.2,20.9,31.5
2020-08-21,271,24.4,20.5,30.1
2020-08-21,272,26.3,21.7,31.1
2020-08-21,273,26.2,21.2,31.7
2020-08-21,276,24.7,20.2,32.8
2020-08-21,277,24.1,22.5,27.4
2020-08-21,278,26.2,21.1,32.9
2020-08-21,279,27.6,23.1,34.4
2020-08-21,281,25.1,21.7,30.8
2020-08-21,283,26,23.4,32.5
2020-08-21,284,26.2,21.4,32.9
2020-08-21,285,27.5,23.5,32.9
2020-08-21,288,27.9,23,33.2
2020-08-21,289,27.2,23.2,32.7
2020-08-21,294,26.8,24.3,31.7
2020-08-21,295,26.9,23.3,31.7
2020-08-21,90,21.2,20,22.5
2020-08-21,93,24.1,21.8,26.4
2020-08-21,95,21.4,19.7,23.4
2020-08-21,98,23.1,21.8,25.4
2020-08-21,99,22.8,21.3,24.9
2020-08-21,100,19.2,17.5,23.1
2020-08-21,101,24.1,22.3,26.6
2020-08-21,102,22.4,21.4,24.9
2020-08-21,104,21.5,20,24.4
2020-08-21,105,22.7,21.3,25
2020-08-21,106,22.2,20.6,24.1
2020-08-21,108,26.6,25.2,29.2
2020-08-21,112,26.1,24.3,28.7
2020-08-21,114,26.9,24,32
2020-08-21,115,22.6,21.6,24.2
2020-08-21,119,27.6,23.8,31.4
2020-08-21,121,26.1,22.9,32.8
2020-08-21,127,27.6,23,33.2
2020-08-21,129,26.7,22.6,31.6
2020-08-21,130,23.5,21.8,25.7
2020-08-21,131,29.2,25,34.2
2020-08-21,133,29,25.1,33.7
2020-08-21,135,26,21.6,31.8
2020-08-21,136,26.7,22.6,33
2020-08-21,137,27,22.5,32.5
2020-08-21,138,25.2,23.7,27.2
2020-08-21,140,26.6,22.7,32.1
2020-08-21,143,27.2,23.8,33.8
2020-08-21,146,28,23.1,33.7
2020-08-21,152,25.7,22.6,30.6
2020-08-21,155,26.6,22.9,32.7
2020-08-21,156,27.9,24,33
2020-08-21,159,26.7,23.6,30.7
2020-08-21,162,26.9,24,32.2
2020-08-21,165,27.3,23.8,31.4
2020-08-21,168,27.3,25,30.6
2020-08-21,169,26,24.1,29.9
2020-08-21,170,26.4,22.8,31.3
2020-08-21,172,26.4,21.1,32.7
2020-08-21,174,26.3,22,32.7
2020-08-21,177,27,22.1,32.3
2020-08-21,184,28,25.4,30.3
2020-08-21,185,27.3,25.1,30.5
2020-08-21,188,27.6,23.5,31.4
2020-08-21,189,27.8,24.8,30.3
2020-08-21,192,27.5,23.3,32.9
2020-08-21,201,24.1,22.6,25.6
2020-08-21,202,25.8,23.2,30.5
2020-08-21,203,26.5,22.4,32.6
2020-08-21,211,22.4,20.8,23.6
2020-08-21,212,24.7,22.2,29.5
2020-08-21,216,21.3,19,28.4
2020-08-21,217,25,23,31.5
2020-08-21,221,26.2,22.1,32.1
2020-08-21,226,25.9,21.2,31.8
2020-08-21,232,26.6,21.2,32.3
2020-08-21,235,26.6,22.8,30.3
2020-08-21,236,26.9,22.6,32.6
2020-08-21,238,26.7,22.1,32.8
2020-08-21,239,27.8,23,33.5
2020-08-21,243,26.9,22.4,32.1
2020-08-21,244,25.6,21.3,31.8
2020-08-21,245,26.9,21.3,33.1
2020-08-21,247,27.3,22.3,32.9